"url","name","address","city","cap","region","state","country","latitude","longitude","type"
"https://www.informazione-aziende.it/Azienda_TENACTA-GROUP-SPA","Tenacta Group S.p.a.","VIA PIEMONTE\, 5/11\, 24052\, Azzano San Paolo\, Bergamo","Azzano San Paolo",24052,"Bergamo","Lombardia","Italia",45.66225,9.70141,1
"https://www.informazione-aziende.it/Azienda_EUROJERSEY-SPA","\"eurojersey S.p.a.\"","VIA SAN GIOVANNI BOSCO\, 260\, 21042\, Caronno Pertusella\, Varese","Caronno Pertusella",21042,"Varese","Lombardia","Italia",45.58973,9.05598,1
"https://www.informazione-aziende.it/Azienda_STELLA-MCCARTNEY-ITALIA-SRL","Stella Mccartney Italia Srl","VIA VINCENZO FORCELLA\, 5\, 20144\, Milano\, Milano","Milano",20144,"Milano","Lombardia","Italia",45.45278,9.16793,1
"https://www.informazione-aziende.it/Azienda_NOYFIL-SPA","Noyfil S.p.a.","VIA GIUSEPPE VERDI\, 1\, 24040\, Chignolo D'isola\, Bergamo","Chignolo D'isola",24040,"Bergamo","Lombardia","Italia",45.66288,9.52838,1
"https://www.informazione-aziende.it/Azienda_SA-GIUSEPPE-CRISTINI-SOCIETA-PER-AZIONI","S.a. Giuseppe Cristini Societa' Per Azioni","VIA SELLA QUINTINO\, 0004\, 20121\, Milano\, Milano","Milano",20121,"Milano","Lombardia","Italia",45.47011,9.18213,1
"https://www.informazione-aziende.it/Azienda_STAMPERIA-DI-CASSINA-RIZZARDI-SPA","Stamperia Di Cassina Rizzardi S.p.a.","VIA MANZONI\, 222\, 22070\, Cassina Rizzardi\, Como","Cassina Rizzardi",22070,"Como","Lombardia","Italia",45.75465,9.02824,1
"https://www.informazione-aziende.it/Azienda_COTONIFICIO-OLCESE-FERRARI-SPA","Cotonificio Olcese  Ferrari S.p.a.","VIA VITTORIO VENETO\, 44\, 25052\, Piancogno\, Brescia","Piancogno",25052,"Brescia","Lombardia","Italia",45.93259,10.24303,1
"https://www.informazione-aziende.it/Azienda_MASA-SPA-INDUSTRIE-TESSILI-IN-FORMA-ABBREVIATA-MASA-SPA","\"masa S.p.a. - Industrie Tessili\" In Forma Abbreviata \"masa S.p.a.\"","VIA MESTRE\, 37\, 21050\, Cairate\, Varese","Cairate",21050,"Varese","Lombardia","Italia",45.68129,8.84734,1
"https://www.informazione-aziende.it/Azienda_ALBIS-INTERNATIONAL-SRL","Albis International S.r.l.","VICOLO SANTA MARIA ALLA PORTA\, 1\, 20123\, Milano\, Milano","Milano",20123,"Milano","Lombardia","Italia",45.46521,9.18169,1
"https://www.informazione-aziende.it/Azienda_GIARDINI-SPA","Giardini S.p.a.","VIA CASTELLANA\, 35\, 27029\, Vigevano\, Pavia","Vigevano",27029,"Pavia","Lombardia","Italia",45.31635,8.84308,1
"https://www.informazione-aziende.it/Azienda_BARBIERI-SRL-67C9A","Barbieri Srl","VIA GARIBALDI\, 54\, 26040\, Scandolara Ravara\, Cremona","Scandolara Ravara",26040,"Cremona","Lombardia","Italia",45.0549,10.30418,1
"https://www.informazione-aziende.it/Azienda_VALTEX-SPA","Valtex S.p.a.","VIA STADIO\, 22\, 24026\, Leffe\, Bergamo","Leffe",24026,"Bergamo","Lombardia","Italia",45.79548,9.89059,1
"https://www.informazione-aziende.it/Azienda_FRAMIS-ITALIA-SPA","Framis Italia S.p.a.","VIALE ANDREA DORIA\, 7\, 20124\, Milano\, Milano","Milano",20124,"Milano","Lombardia","Italia",45.48528,9.20789,1
"https://www.informazione-aziende.it/Azienda_STAMPERIA-DI-LIPOMO-SPA","Stamperia Di Lipomo S.p.a.","VIA PROVINCIALE\, 219\, 22030\, Lipomo\, Como","Lipomo",22030,"Como","Lombardia","Italia",45.79226,9.12682,1
"https://www.informazione-aziende.it/Azienda_IL-TELONE-SRL","Il Telone S.r.l.","VIA G. DI VITTORIO\, 63/65\, 25125\, Brescia\, Brescia","Brescia",25125,"Brescia","Lombardia","Italia",45.50867,10.15549,1
"https://www.informazione-aziende.it/Azienda_LOVERS-SRL-942F5","Lovers S.r.l.","VIA CONCORDIA\, 12\, 23854\, Olginate\, Lecco","Olginate",23854,"Lecco","Lombardia","Italia",45.78662,9.42439,1
"https://www.informazione-aziende.it/Azienda_STILLA-INDUSTRIES-ITALIA-SRL","Stilla Industries Italia S.r.l.","VIALE INDUSTRIA\, SNC\, 27025\, Gambolo'\, Pavia","Gambolo'",27025,"Pavia","Lombardia","Italia",45.27204,8.85636,1
"https://www.informazione-aziende.it/Azienda_PAROTEX-SRL","\"parotex  S.r.l.\"","VIA MASSARI MARZOLI\, 17\, 21052\, Busto Arsizio\, Varese","Busto Arsizio",21052,"Varese","Lombardia","Italia",45.59073,8.82318,1
"https://www.informazione-aziende.it/Azienda_FAZZINI-SRL-8E004","Fazzini S.r.l.","VIA A. VOLTA\, 69\, 21010\, Cardano Al Campo\, Varese","Cardano Al Campo",21010,"Varese","Lombardia","Italia",45.64202,8.77797,1
"https://www.informazione-aziende.it/Azienda_COATS-ITALY-SRL","Coats Italy S.r.l.","VIA MILANESE\, 20\, 20099\, Sesto San Giovanni\, Milano","Sesto San Giovanni",20099,"Milano","Lombardia","Italia",45.53206,9.21919,1
"https://www.informazione-aziende.it/Azienda_TESSITURA-COLOMBO-ANTONIO-SRL","Tessitura Colombo Antonio S.r.l.","VIA DELL'INDUSTRIA\, 1\, 20020\, Busto Garolfo\, Milano","Busto Garolfo",20020,"Milano","Lombardia","Italia",45.54473,8.90575,1
"https://www.informazione-aziende.it/Azienda_TINTALANA-SRL","Tintalana S.r.l.","CORSO EUROPA\, 7\, 20122\, Milano\, Milano","Milano",20122,"Milano","Lombardia","Italia",45.46412,9.19604,1
"https://www.informazione-aziende.it/Azienda_TESSITURA-DI-LURAGO-DERBA-SRL","Tessitura Di Lurago D'erba S.r.l.","VIA DELL'INDUSTRIA\, 207\, 22040\, Alzate Brianza\, Como","Alzate Brianza",22040,"Como","Lombardia","Italia",45.75878,9.20759,1
"https://www.informazione-aziende.it/Azienda_CITTADINI-SPA","Cittadini S.p.a.","VIA TRENTO\, 35/45\, 25050\, Paderno Franciacorta\, Brescia","Paderno Franciacorta",25050,"Brescia","Lombardia","Italia",45.57835,10.08771,1
"https://www.informazione-aziende.it/Azienda_TESSITURA-ATTILIO-IMPERIALI-SPA","Tessitura Attilio Imperiali - S.p.a.","VIA BULGARO\, 13\, 22075\, Lurate Caccivio\, Como","Lurate Caccivio",22075,"Como","Lombardia","Italia",45.75608,8.9973,1
"https://www.informazione-aziende.it/Azienda_IBIELLA-SRL","Ibiella S.r.l.","VIA SANTA TECLA\, 3\, 20122\, Milano\, Milano","Milano",20122,"Milano","Lombardia","Italia",45.46274,9.193,1
"https://www.informazione-aziende.it/Azienda_EZIO-GHIRINGHELLI-SPA","\"ezio Ghiringhelli - S.p.a.\"","VIA RONCHETTI\, 25\, 21040\, Oggiona Con Santo Stefano\, Varese","Oggiona Con Santo Stefano",21040,"Varese","Lombardia","Italia",45.69926,8.81145,1
"https://www.informazione-aziende.it/Azienda_STELLINI-SRL","Stellini S.r.l.","VIA ALESSANDRO MANZONI\, 54\, 20020\, Magnago\, Milano","Magnago",20020,"Milano","Lombardia","Italia",45.56756,8.78762,1
"https://www.informazione-aziende.it/Azienda_RICAMIFICIO-PEZZOLI-SOCIETA-PER-AZIONI","Ricamificio Pezzoli - Societa' Per Azioni","VIA SALICI\, 39\, 24025\, Gazzaniga\, Bergamo","Gazzaniga",24025,"Bergamo","Lombardia","Italia",45.78878,9.8285,1
"https://www.informazione-aziende.it/Azienda_STAMPERIA-VALERI-SPA","Stamperia Valeri Spa","PIAZZA GIOVINE ITALIA\, 3\, 20123\, Milano\, Milano","Milano",20123,"Milano","Lombardia","Italia",45.46742,9.16964,1
"https://www.informazione-aziende.it/Azienda_AMBROFIBRE-97-SRL","Ambrofibre 97 S.r.l.","VIALE HENRY DUNANT\, 6\, 46043\, Castiglione Delle Stiviere\, Mantova","Castiglione Delle Stiviere",46043,"Mantova","Lombardia","Italia",45.38441,10.49696,1
"https://www.informazione-aziende.it/Azienda_TINTORIA-BUTTI-SRL","Tintoria Butti S.r.l.","VIA PANNILANI\, 45\, 22100\, Como\, Como","Como",22100,"Como","Lombardia","Italia",45.80271,9.11113,1
"https://www.informazione-aziende.it/Azienda_INTES-SPA","Intes - S.p.a.","VIA F.LLI KENNEDY\, 15\, 22060\, Novedrate\, Como","Novedrate",22060,"Como","Lombardia","Italia",45.69682,9.12476,1
"https://www.informazione-aziende.it/Azienda_ELCAM-SRL","Elcam -s.r.l.","VIA DELLE INDUSTRIE\, 34\, 20851\, Lissone\, Monza E Brianza","Lissone",20851,"Monza E Brianza","Lombardia","Italia",45.63771,9.23072,1
"https://www.informazione-aziende.it/Azienda_ARQUATI-SRL","Arquati S.r.l.","CORSO VITTORIO EMANUELE II\, 15\, 20122\, Milano\, Milano","Milano",20122,"Milano","Lombardia","Italia",45.46568,9.19606,1
"https://www.informazione-aziende.it/Azienda_STUDIO-ELLE-SRL-2B22A","Studio Elle - S.r.l.","VIA DIAZ\, 42/44\, 22017\, Menaggio\, Como","Menaggio",22017,"Como","Lombardia","Italia",46.03223,9.23671,1
"https://www.informazione-aziende.it/Azienda_GIRANI-SRL","Girani S.r.l.","VIA OLMEDA\, 5/A\, 22070\, Capiago Intimiano\, Como","Capiago Intimiano",22070,"Como","Lombardia","Italia",45.76535,9.11771,1
"https://www.informazione-aziende.it/Azienda_TESSILRIVA-SPA","Tessilriva - S.p.a.","VIA FERLONI\, 73\, 22070\, Bulgarograsso\, Como","Bulgarograsso",22070,"Como","Lombardia","Italia",45.75686,9.0064,1
"https://www.informazione-aziende.it/Azienda_TARONI-SPA","Taroni S.p.a.","VIA RICCARDO MANTERO\, 20\, 22070\, Grandate\, Como","Grandate",22070,"Como","Lombardia","Italia",45.77639,9.04741,1
"https://www.informazione-aziende.it/Azienda_FILANDA-FRATELLI-SERLINI-SPA","Filanda Fratelli Serlini S.p.a.","VIA PIETRO GIANNONE\, 9\, 20154\, Milano\, Milano","Milano",20154,"Milano","Lombardia","Italia",45.47893,9.1785,1
"https://www.informazione-aziende.it/Azienda_MONVANIA-SRL","Monvania S.r.l.","VIA 4 PICCOLI MARTIRI\, 11\, 25040\, Cividate Camuno\, Brescia","Cividate Camuno",25040,"Brescia","Lombardia","Italia",45.94069,10.26529,1
"https://www.informazione-aziende.it/Azienda_FILATURA-SEMONTE-SPA","Filatura Semonte - S.p.a.","VIA SERIO\, 57\, 24020\, Casnigo\, Bergamo","Casnigo",24020,"Bergamo","Lombardia","Italia",45.83901,9.8727,1
"https://www.informazione-aziende.it/Azienda_TESSITURE-DI-NOSATE-SRL","Tessiture Di Nosate S.r.l.","VIA TICINO\, 66\, 20010\, Santo Stefano Ticino\, Milano","Santo Stefano Ticino",20010,"Milano","Lombardia","Italia",45.4909,8.90711,1
"https://www.informazione-aziende.it/Azienda_LANIFICIO-CARLO-BARBERA-SRL","Lanificio Carlo Barbera S.r.l.","VIA VITTOR PISANI\, 8/A\, 20124\, Milano\, Milano","Milano",20124,"Milano","Lombardia","Italia",45.48124,9.20013,1
"https://www.informazione-aziende.it/Azienda_LARIOSETA-SOCIETA-PER-AZIONI","Larioseta - Societa' Per Azioni","VIA ASIAGO\, 31\, 22100\, Como\, Como","Como",22100,"Como","Lombardia","Italia",45.83699,9.05897,1
"https://www.informazione-aziende.it/Azienda_SUBBIFIL-SPA","Subbifil S.p.a.","VIA CAMPO SPORTIVO\, 8\, 24020\, Peia\, Bergamo","Peia",24020,"Bergamo","Lombardia","Italia",45.79822,9.89756,1
"https://www.informazione-aziende.it/Azienda_GIEMME-FILATI-SPA","Giemme Filati S.p.a.","VIA PALAZZOLO\, 168\, 25031\, Capriolo\, Brescia","Capriolo",25031,"Brescia","Lombardia","Italia",45.62251,9.9279,1
"https://www.informazione-aziende.it/Azienda_ILUNA-GROUP-SPA","Iluna Group S.p.a..","VIA GIUSEPPE VERDI\, 11\, 24121\, Bergamo\, Bergamo","Bergamo",24121,"Bergamo","Lombardia","Italia",45.69837,9.67188,1
"https://www.informazione-aziende.it/Azienda_MIRABELLO-CARRARA-SPA","Mirabello Carrara S.p.a.","VIA ALBERT EINSTEIN\, 9-11\, 20821\, Meda\, Monza E Brianza","Meda",20821,"Monza E Brianza","Lombardia","Italia",45.65765,9.17506,1
"https://www.informazione-aziende.it/Azienda_MANIFATTURA-SATTA-BOTTELLI-SPA","Manifattura Satta & Bottelli Spa","VIA DELLE CAVE\, 3\, 20014\, Nerviano\, Milano","Nerviano",20014,"Milano","Lombardia","Italia",45.5625,8.96905,1
"https://www.informazione-aziende.it/Azienda_BWF-FTI-SPA","Bwf Fti S.p.a.","VIA ABBONDIO SANGIORGIO\, 12\, 20145\, Milano\, Milano","Milano",20145,"Milano","Lombardia","Italia",45.47594,9.16758,1
"https://www.informazione-aziende.it/Azienda_TESSITURA-MARCO-PASTORELLI-SPA","\"tessitura Marco Pastorelli S.p.a.\"","VIALE LOMBARDIA\, 25\, 21013\, Gallarate\, Varese","Gallarate",21013,"Varese","Lombardia","Italia",45.66088,8.80454,1
"https://www.informazione-aziende.it/Azienda_G-G-PARTNERS-SRL","G & G Partners S.r.l.","VIA G. D'ANNUNZIO\, 9\, 25018\, Montichiari\, Brescia","Montichiari",25018,"Brescia","Lombardia","Italia",45.44408,10.32952,1
"https://www.informazione-aziende.it/Azienda_MONTRASIO-ITALIA-SRL","Montrasio Italia S.r.l.","STRADA PER CASCINA RESTELLI\, 5\, 20886\, Aicurzio\, Monza E Brianza","Aicurzio",20886,"Monza E Brianza","Lombardia","Italia",45.63899,9.40916,1
"https://www.informazione-aziende.it/Azienda_FLLI-ESPOSITO-IMPORT-EXPORT-SRL","F.lli Esposito Import Export S.r.l.","VIA ALBRICCI ALBERICO\, 8\, 20122\, Milano\, Milano","Milano",20122,"Milano","Lombardia","Italia",45.46069,9.19017,1
"https://www.informazione-aziende.it/Azienda_ACHILLE-VALERA-LISSONI-SRL","Achille Valera Lissoni S.r.l.","VIA NANDO TINTORRI\, 19/23\, 20863\, Concorezzo\, Monza E Brianza","Concorezzo",20863,"Monza E Brianza","Lombardia","Italia",45.59732,9.32694,1
"https://www.informazione-aziende.it/Azienda_SARA-SRL-9A03D","S.a.r.a. S.r.l.","VIA MONTE ROSA\, SNC\, 22079\, Villa Guardia\, Como","Villa Guardia",22079,"Como","Lombardia","Italia",45.77097,9.01118,1
"https://www.informazione-aziende.it/Azienda_MENPHIS-SPA","Menphis S.p.a.","VIA ADIGE\, 9\, 22070\, Casnate Con Bernate\, Como","Casnate Con Bernate",22070,"Como","Lombardia","Italia",45.76067,9.05964,1
"https://www.informazione-aziende.it/Azienda_PONTOGLIO-SPA","Pontoglio - S.p.a.","VIA INDUSTRIA\, 3\, 25037\, Pontoglio\, Brescia","Pontoglio",25037,"Brescia","Lombardia","Italia",45.57143,9.84998,1
"https://www.informazione-aziende.it/Azienda_FILTES-INTERNATIONAL-SRL","Filtes International S.r.l.","VIA FALETTI\, 33/35\, 25031\, Capriolo\, Brescia","Capriolo",25031,"Brescia","Lombardia","Italia",45.62597,9.9267,1
"https://www.informazione-aziende.it/Azienda_MAGLIFICIO-RIPA-SPA","Maglificio Ripa S.p.a.","VIA DELL'INDUSTRIA\, 32\, 26016\, Spino D'adda\, Cremona","Spino D'adda",26016,"Cremona","Lombardia","Italia",45.40335,9.47587,1
"https://www.informazione-aziende.it/Azienda_EUROPIZZI-SRL","Europizzi S.r.l.","VIA PROVINCIALE\, 455\, 24059\, Urgnano\, Bergamo","Urgnano",24059,"Bergamo","Lombardia","Italia",45.61159,9.69459,1
"https://www.informazione-aziende.it/Azienda_NASTRIFICIO-ANGELO-BOLIS-SPA-IN-BREVE-BOLIS-SPA","Nastrificio Angelo Bolis S.p.a. In Breve \"bolis S.p.a.\"","VIA SARMA\, 6\, 24030\, Presezzo\, Bergamo","Presezzo",24030,"Bergamo","Lombardia","Italia",45.69237,9.57941,1
"https://www.informazione-aziende.it/Azienda_NIGGELER-KUPFER-TEXTILE-SPA-IN-FORMA-ABBREVIATA-NIGGELER-KUPFER-SPA-OVVERO-NK-SPA","Niggeler & Kupfer Textile S.p.a. In Forma Abbreviata Niggeler & Kupfer S.p.a. Ovvero Nk S.p.a.","VIA G. NIGGELER\, 67\, 25031\, Capriolo\, Brescia","Capriolo",25031,"Brescia","Lombardia","Italia",45.6429,9.93439,1
"https://www.informazione-aziende.it/Azienda_ITALIAN-CONVERTER-SRL","Italian Converter S.r.l.","STRADA FOGLIANO SAN MARCO\, 76/78\, 27029\, Vigevano\, Pavia","Vigevano",27029,"Pavia","Lombardia","Italia",45.2943,8.83954,1
"https://www.informazione-aziende.it/Azienda_TAT-TESSITURA-AUTOMATICA-TAVERNERIO-SPA-IN-FORMA-ABBREV-TAT-SPA","Tat-tessitura Automatica Tavernerio S.p.a. -in Forma Abbrev. Tat Spa.","VIA TORTONA\, 21\, 20144\, Milano\, Milano","Milano",20144,"Milano","Lombardia","Italia",45.45286,9.16647,1
"https://www.informazione-aziende.it/Azienda_FILATI-BURATTI-SPA","Filati Buratti S.p.a.","VIA CANOVA ANTONIO\, 8\, 20145\, Milano\, Milano","Milano",20145,"Milano","Lombardia","Italia",45.47562,9.16868,1
"https://www.informazione-aziende.it/Azienda_PRO-SYSTEMS-SPA","Pro-systems S.p.a.","VIA EMILIO MOTTA\, 6\, 20144\, Milano\, Milano","Milano",20144,"Milano","Lombardia","Italia",45.46558,9.16337,1
"https://www.informazione-aziende.it/Azienda_TINTORIA-FIBRE-ARTIFICIALI-E-SINTETICHE-SPA-O-IN-FORMA-ABBREVIATA-TIFAS-SPA","Tintoria Fibre Artificiali E Sintetiche S.p.a. O In Forma Abbreviata Ti.f.a.s. S.p.a.","CORSO ITALIA\, 43\, 20025\, Legnano\, Milano","Legnano",20025,"Milano","Lombardia","Italia",45.596,8.91552,1
"https://www.informazione-aziende.it/Azienda_RIVOLTA-CARMIGNANI-SPA","Rivolta Carmignani S.p.a.","VIA VISCONTI\, 15\, 20846\, Macherio\, Monza E Brianza","Macherio",20846,"Monza E Brianza","Lombardia","Italia",45.6416,9.27226,1
"https://www.informazione-aziende.it/Azienda_LEGGIUNO-SPA","Leggiuno S.p.a.","VIA DANTE ALIGHIERI\, 1\, 21038\, Leggiuno\, Varese","Leggiuno",21038,"Varese","Lombardia","Italia",45.86895,8.62877,1
"https://www.informazione-aziende.it/Azienda_SERIDE-SRL","Seride - S.r.l.","VIA GORIZIA\, 13\, 22070\, Luisago\, Como","Luisago",22070,"Como","Lombardia","Italia",45.75891,9.0526,1
"https://www.informazione-aziende.it/Azienda_FELTRI-MARONE-SOCIETA-PER-AZIONI","Feltri Marone Societa' Per Azioni","VIA GIOTTO\, 3\, 20145\, Milano\, Milano","Milano",20145,"Milano","Lombardia","Italia",45.46737,9.15901,1
"https://www.informazione-aziende.it/Azienda_SACCHERIA-FLLI-FRANCESCHETTI-SPA","Saccheria F.lli Franceschetti - S.p.a.","VIA STAZIONE VECCHIA\, 80\, 25050\, Provaglio D'iseo\, Brescia","Provaglio D'iseo",25050,"Brescia","Lombardia","Italia",45.63457,10.03923,1
"https://www.informazione-aziende.it/Azienda_TBM-SPA","T.b.m. S.p.a.","VIA BRUNO MARCORA\, 1\, 21010\, Besnate\, Varese","Besnate",21010,"Varese","Lombardia","Italia",45.6493,8.77875,1
"https://www.informazione-aziende.it/Azienda_CFT-DI-PIETRO-MASSERINI-SPA","C.f.t. Di Pietro Masserini S.p.a.","VIA SALICI\, 52\, 24025\, Gazzaniga\, Bergamo","Gazzaniga",24025,"Bergamo","Lombardia","Italia",45.78841,9.82648,1
"https://www.informazione-aziende.it/Azienda_SAMPIETRO-SPA","Sampietro S.p.a.","VIA GORIZIA\, 15\, 22070\, Luisago\, Como","Luisago",22070,"Como","Lombardia","Italia",45.75891,9.0526,1
"https://www.informazione-aziende.it/Azienda_INDUSTRIA-TESSILE-GASTALDI-E-C-SPA","Industria Tessile Gastaldi E C. S.p.a.","VIA ROMA\, 10\, 22046\, Merone\, Como","Merone",22046,"Como","Lombardia","Italia",45.78643,9.23929,1
"https://www.informazione-aziende.it/Azienda_IMPRIMA-INDUSTRIAL-LONATE-SRL","Imprima Industrial Lonate S.r.l.","VIA PIEMONTE\, 17\, 21015\, Lonate Pozzolo\, Varese","Lonate Pozzolo",21015,"Varese","Lombardia","Italia",45.59275,8.73495,1
"https://www.informazione-aziende.it/Azienda_TESSITURA-E-STAMPERIA-LUIGI-VERGA-SPA","Tessitura E Stamperia Luigi Verga- S.p.a.","VIA VOLTA ALESSANDRO\, 54\, 22100\, Como\, Como","Como",22100,"Como","Lombardia","Italia",45.80797,9.08135,1
"https://www.informazione-aziende.it/Azienda_E-THOMAS-SPA","\"e. Thomas - S.p.a.\"","VIA E. THOMAS\, 4\, 21050\, Brusimpiano\, Varese","Brusimpiano",21050,"Varese","Lombardia","Italia",45.94503,8.89279,1
"https://www.informazione-aziende.it/Azienda_STAMPERIA-OLONIA-SRL","Stamperia Olonia S.r.l.","VIA A. COLOMBO\, 65\, 21055\, Gorla Minore\, Varese","Gorla Minore",21055,"Varese","Lombardia","Italia",45.63952,8.91286,1
"https://www.informazione-aziende.it/Azienda_GHIOLDI-SRL","Ghioldi S.r.l.","VIA MILANO\, 5\, 22070\, Appiano Gentile\, Como","Appiano Gentile",22070,"Como","Lombardia","Italia",45.72934,8.98229,1
"https://www.informazione-aziende.it/Azienda_OLMETEX-SPA","Olmetex S.p.a.","VIA CANTURINA\, 10\, 22070\, Capiago Intimiano\, Como","Capiago Intimiano",22070,"Como","Lombardia","Italia",45.76672,9.11362,1
"https://www.informazione-aziende.it/Azienda_DUCA-VISCONTI-DI-MODRONE-SPA","Duca Visconti Di Modrone Spa","CORSO DI PORTA ROMANA\, 3\, 20122\, Milano\, Milano","Milano",20122,"Milano","Lombardia","Italia",45.46007,9.18939,1
"https://www.informazione-aziende.it/Azienda_ARRIGONI-SPA","Arrigoni S.p.a.","VIA MONTE PRATO\, 3\, 22029\, Uggiate-trevano\, Como","Uggiate-trevano",22029,"Como","Lombardia","Italia",45.82453,8.9675,1
"https://www.informazione-aziende.it/Azienda_BRUGNOLI-GIOVANNI-SPA","\"brugnoli Giovanni S.p.a.\"","VIA CONTARDO FERRINI\, 8\, 21052\, Busto Arsizio\, Varese","Busto Arsizio",21052,"Varese","Lombardia","Italia",45.59675,8.84907,1
"https://www.informazione-aziende.it/Azienda_TESSITURA-CARLO-BASSETTI-SPA","\"tessitura Carlo Bassetti S.p.a.\"","VIA NOVARA\, 18\, 21013\, Gallarate\, Varese","Gallarate",21013,"Varese","Lombardia","Italia",45.65696,8.78683,1
"https://www.informazione-aziende.it/Azienda_COTONIFICIO-ZAMBAITI-SPA","Cotonificio Zambaiti - S.p.a.","VIA CADUTI DI TUTTE LE GUERRE\, 42\, 24020\, Cene\, Bergamo","Cene",24020,"Bergamo","Lombardia","Italia",45.78476,9.8292,1
"https://www.informazione-aziende.it/Azienda_MONTECOLINO-SPA","Montecolino S.p.a.","VIA STAZIONE VECCHIA\, 110\, 25050\, Provaglio D'iseo\, Brescia","Provaglio D'iseo",25050,"Brescia","Lombardia","Italia",45.63457,10.03923,1
"https://www.informazione-aziende.it/Azienda_FILARTEX-SPA","Filartex S.p.a.","VIA FIRENZE\, 13\, 25036\, Palazzolo Sull'oglio\, Brescia","Palazzolo Sull'oglio",25036,"Brescia","Lombardia","Italia",45.61448,9.92054,1
"https://www.informazione-aziende.it/Azienda_TINTORIA-DI-POLLONE-SPA","Tintoria Di Pollone S.p.a.","VIA MOROZZO DELLA ROCCA\, 6\, 20123\, Milano\, Milano","Milano",20123,"Milano","Lombardia","Italia",45.46472,9.16875,1
"https://www.informazione-aziende.it/Azienda_GHEZZI-SPA","Ghezzi - S.p.a.","VIA E. FERMI\, 12\, 22030\, Orsenigo\, Como","Orsenigo",22030,"Como","Lombardia","Italia",45.77659,9.17453,1
"https://www.informazione-aziende.it/Azienda_VIGANO-PAVITEX-SPA","Vigano' Pavitex  Spa","VIA CARLINGA\, 35\, 24035\, Curno\, Bergamo","Curno",24035,"Bergamo","Lombardia","Italia",45.68567,9.60636,1
"https://www.informazione-aziende.it/Azienda_FURIA-CUSCINI-SPA","Furia Cuscini S.p.a.","VIA FLAVIO GIOIA\, 04\, 20821\, Meda\, Monza E Brianza","Meda",20821,"Monza E Brianza","Lombardia","Italia",45.65924,9.15174,1
"https://www.informazione-aziende.it/Azienda_FUTURA-FILATI-SRL","Futura Filati S.r.l.","VIA CEFALONIA\, 49\, 25124\, Brescia\, Brescia","Brescia",25124,"Brescia","Lombardia","Italia",45.52583,10.21358,1
"https://www.informazione-aziende.it/Azienda_CIM-CARDIFICIO-ITALIANO-SPA","C.i.m. Cardificio Italiano S.p.a.","VIA GIOVANNI PAOLO II\, 49\, 26010\, Vaiano Cremasco\, Cremona","Vaiano Cremasco",26010,"Cremona","Lombardia","Italia",45.38208,9.58648,1
"https://www.informazione-aziende.it/Azienda_BOSIFIL-SPA","Bosifil S.p.a.","VIA OPIFICI\, 25/29\, 24024\, Gandino\, Bergamo","Gandino",24024,"Bergamo","Lombardia","Italia",45.81023,9.90775,1
"https://www.informazione-aziende.it/Azienda_DIMODA-SRL","Dimoda - S.r.l.","VIA GIOACCHINO ROSSINI\, 10\, 22075\, Lurate Caccivio\, Como","Lurate Caccivio",22075,"Como","Lombardia","Italia",45.76538,9.0006,1
"https://www.informazione-aziende.it/Azienda_MARIO-SIRTORI-SPA","Mario Sirtori S.p.a.","CORSO XXV APRILE\, 167/B\, 22036\, Erba\, Como","Erba",22036,"Como","Lombardia","Italia",45.81055,9.23142,1
"https://www.informazione-aziende.it/Azienda_MONTICOLOR-SPA","Monticolor S.p.a.","VIA ARTIGIANALE\, 55\, 25010\, Montirone\, Brescia","Montirone",25010,"Brescia","Lombardia","Italia",45.44759,10.21484,1
"https://www.informazione-aziende.it/Azienda_I-COTONI-DI-ALBINI-SPA","I Cotoni Di Albini S.p.a.","VIA DR.SILVIO ALBINI\, 1\, 24021\, Albino\, Bergamo","Albino",24021,"Bergamo","Lombardia","Italia",45.76145,9.80018,1
"https://www.informazione-aziende.it/Azienda_FRATELLI-VITALI-DI-ROBERTO-SPA","Fratelli Vitali Di Roberto S.p.a.","VIA INDIPENDENZA\, 3\, 23885\, Calco\, Lecco","Calco",23885,"Lecco","Lombardia","Italia",45.72506,9.40443,1
"https://www.informazione-aziende.it/Azienda_MARE-MANIFATTURA-RETI-SPA","Ma.re. Manifattura Reti S.p.a.","VIA VITTORIO VENETO\, 12/14\, 24049\, Iseo\, Brescia","Iseo",24049,"Brescia","Lombardia","Italia",45.67633,10.08328,1
"https://www.informazione-aziende.it/Azienda_ROI-AUTOMOTIVE-TECHNOLOGY-SRL","R.o.i. Automotive Technology S.r.l.","VIA CAV.PIETRO RADICI\, 19\, 24024\, Cazzano Sant'andrea\, Bergamo","Cazzano Sant'andrea",24024,"Bergamo","Lombardia","Italia",45.80758,9.88117,1
"https://www.informazione-aziende.it/Azienda_A-MOLINA-C-SPA","\"a. Molina & C. S.p.a.\"","VIA DANTE ALIGHIERI\, 36\, 21050\, Cairate\, Varese","Cairate",21050,"Varese","Lombardia","Italia",45.66579,8.89457,1
"https://www.informazione-aziende.it/Azienda_AGRIPOOL-SRL","Agripool S.r.l.","VIA COLOMBARE DI CASTIGLIONE\, 81/E\, 25015\, Desenzano Del Garda\, Brescia","Desenzano Del Garda",25015,"Brescia","Lombardia","Italia",45.43304,10.54891,1
"https://www.informazione-aziende.it/Azienda_BRIANZATENDE-SRL","Brianzatende S.r.l.","VIA MAGGI\, 41\, 20855\, Lesmo\, Monza E Brianza","Lesmo",20855,"Monza E Brianza","Lombardia","Italia",45.63227,9.30857,1
"https://www.informazione-aziende.it/Azienda_GASPARE-SIRONI-SPA","Gaspare Sironi S.p.a.","VIALE LUIGI MAJNO\, 5\, 20122\, Milano\, Milano","Milano",20122,"Milano","Lombardia","Italia",45.46861,9.2055,1
"https://www.informazione-aziende.it/Azienda_COMPOSITE-MATERIALS-ITALY-SRL","Composite Materials (italy) S.r.l.","VIA QUASIMODO\, 33\, 20025\, Legnano\, Milano","Legnano",20025,"Milano","Lombardia","Italia",45.61547,8.93575,1
"https://www.informazione-aziende.it/Azienda_GAVAZZI-TESSUTI-TECNICI-SPA-IN-FORMA-ABBREVIATA-GAVAZZI-SPA","Gavazzi Tessuti Tecnici S.p.a. In Forma Abbreviata Gavazzi S.p.a.","VIALE ELVEZIA\, 12\, 20154\, Milano\, Milano","Milano",20154,"Milano","Lombardia","Italia",45.47729,9.17821,1
"https://www.informazione-aziende.it/Azienda_CFB-SPA","C.f.b. S.p.a.","VIA DON LUIGI STURZO\, 9\, 23895\, Nibionno\, Lecco","Nibionno",23895,"Lecco","Lombardia","Italia",45.75798,9.27161,1
"https://www.informazione-aziende.it/Azienda_MANIFATTURE-TESSILI-BIANCHI-E-C-SOCIETA-A-RESPONSABILITA-LIMI-TATA","Manifatture Tessili Bianchi E C. -societa' A Responsabilita' Limi Tata","VIA DIAZ\, 31\, 22071\, Cadorago\, Como","Cadorago",22071,"Como","Lombardia","Italia",45.71168,9.03959,1
"https://www.informazione-aziende.it/Azienda_TESSIVAL-SRL","Tessival S.r.l.","VIA FOLZONI\, 7\, 24052\, Azzano San Paolo\, Bergamo","Azzano San Paolo",24052,"Bergamo","Lombardia","Italia",45.65327,9.68523,1
"https://www.informazione-aziende.it/Azienda_OSTINELLI-SETA-SPA","Ostinelli Seta S.p.a.","VIA SOCRATE\, 17/E\, 22070\, Casnate Con Bernate\, Como","Casnate Con Bernate",22070,"Como","Lombardia","Italia",45.76203,9.0826,1
"https://www.informazione-aziende.it/Azienda_BRUNELLO-SPA","Brunello S.p.a.","VIALE CERTOSA\, 36/A\, 20155\, Milano\, Milano","Milano",20155,"Milano","Lombardia","Italia",45.49075,9.15056,1
"https://www.informazione-aziende.it/Azienda_MITI-MANIFATTURA-ITALIANA-TESSUTI-INDEMAGLIABILI-SPA","M.i.t.i. Manifattura Italiana Tessuti Indemagliabili S.p.a.","VIA PAPA GIOVANNI XXIII\, 320\, 24059\, Urgnano\, Bergamo","Urgnano",24059,"Bergamo","Lombardia","Italia",45.59605,9.69662,1
"https://www.informazione-aziende.it/Azienda_ERICA-INDUSTRIA-TESSILE-SPA","\"erica Industria Tessile - S.p.a.\"","VIA MASSIMO D'AZEGLIO\, 14\, 21052\, Busto Arsizio\, Varese","Busto Arsizio",21052,"Varese","Lombardia","Italia",45.61164,8.86585,1
"https://www.informazione-aziende.it/Azienda_CTESSILE-SPA","C.tessile S.p.a.","VIA PIETRO GIANNONE\, 9\, 20154\, Milano\, Milano","Milano",20154,"Milano","Lombardia","Italia",45.47893,9.1785,1
"https://www.informazione-aziende.it/Azienda_GUARISCO-CLASS-SRL","Guarisco Class S.r.l.","STRADA STATALE DEI GIOVI\, 66\, 22070\, Grandate\, Como","Grandate",22070,"Como","Lombardia","Italia",45.77634,9.0651,1
"https://www.informazione-aziende.it/Azienda_MARTINELLI-GINETTO-SPA-O-PIU-BREVEMENTE-MG-SPA","Martinelli Ginetto S.p.a. O\, Piu' Brevemente\, M.g. S.p.a.","VIA AGRO DEL CASTELLO\, 38\, 24020\, Casnigo\, Bergamo","Casnigo",24020,"Bergamo","Lombardia","Italia",45.80564,9.86021,1
"https://www.informazione-aziende.it/Azienda_GALLUS-SPA","Gallus S.p.a.","VIA FERDINANDO MARESCALCHI\, 0011\, 20133\, Milano\, Milano","Milano",20133,"Milano","Lombardia","Italia",45.46912,9.23477,1
"https://www.informazione-aziende.it/Azienda_TESSITURA-SERICA-AM-TABORELLI-SRL","Tessitura Serica A.m. Taborelli - S.r.l.","VIA VENTICINQUE APRILE\, 20\, 22020\, Faloppio\, Como","Faloppio",22020,"Como","Lombardia","Italia",45.80117,8.97672,1
"https://www.informazione-aziende.it/Azienda_LOR-MA-SRL","Lor-ma - S.r.l.","VIA TORTONA\, 21\, 20144\, Milano\, Milano","Milano",20144,"Milano","Lombardia","Italia",45.45286,9.16647,1
"https://www.informazione-aziende.it/Azienda_CALEFFI-SPA-547FE","Caleffi - S.p.a.","VIA BELFIORE\, 24\, 46019\, Viadana\, Mantova","Viadana",46019,"Mantova","Lombardia","Italia",44.93597,10.4978,1
"https://www.informazione-aziende.it/Azienda_ORLANDI-SPA","Orlandi S.p.a","VIA MATTEOTTI\, 67\, 21012\, Cassano Magnago\, Varese","Cassano Magnago",21012,"Varese","Lombardia","Italia",45.66887,8.81461,1
"https://www.informazione-aziende.it/Azienda_HYOSUNG-EUROPE-SRL","Hyosung Europe S.r.l.","VIA DEL TECCHIONE\, 34\, 20098\, San Giuliano Milanese\, Milano","San Giuliano Milanese",20098,"Milano","Lombardia","Italia",45.4018,9.2529,1
"https://www.informazione-aziende.it/Azienda_FIBERWEB-TERNO-DISOLA-SRL","Fiberweb Terno D'isola S.r.l.","VIA PADRE ALBISETTI\, 10\, 24030\, Terno D'isola\, Bergamo","Terno D'isola",24030,"Bergamo","Lombardia","Italia",45.69035,9.52153,1
"https://www.informazione-aziende.it/Azienda_LANIFICIO-FLLI-CERRUTI-SPA","Lanificio F.lli Cerruti S.p.a.","VIA FELICE CAVALLOTTI\, 8\, 20122\, Milano\, Milano","Milano",20122,"Milano","Lombardia","Italia",45.46378,9.1965,1
"https://www.informazione-aziende.it/Azienda_ARIX-SPA","Arix S.p.a.","VIALE EUROPA\, 23\, 46019\, Viadana\, Mantova","Viadana",46019,"Mantova","Lombardia","Italia",44.92794,10.50722,1
"https://www.informazione-aziende.it/Azienda_MASCIONI-SPA","Mascioni S.p.a.","VIA GIACOMO MASCIONI\, 4\, 21030\, Cuvio\, Varese","Cuvio",21030,"Varese","Lombardia","Italia",45.89564,8.72728,1
"https://www.informazione-aziende.it/Azienda_FRATELLI-TESTORI-SPA-PIU-BREVEMENTE-DETTA-TESTORI-SPA","\"fratelli Testori S.p.a.\" Piu' Brevemente Detta \" Testori S.p.a.\"","LARGO TESTORI\, 5\, 20026\, Novate Milanese\, Milano","Novate Milanese",20026,"Milano","Lombardia","Italia",45.52954,9.13643,1
"https://www.informazione-aziende.it/Azienda_TESSITURE-PIETRO-RADICI-SPA","Tessiture Pietro Radici - S.p.a.","VIA UGO FOSCOLO\, 152\, 24024\, Gandino\, Bergamo","Gandino",24024,"Bergamo","Lombardia","Italia",45.80691,9.88807,1
"https://www.informazione-aziende.it/Azienda_SARATOGA-INT-SFORZA-SPA","Saratoga Int. Sforza Spa","VIA CANTU' CESARE\, 1\, 20123\, Milano\, Milano","Milano",20123,"Milano","Lombardia","Italia",45.46422,9.18703,1
"https://www.informazione-aziende.it/Azienda_FRETTE-SRL","Frette S.r.l.","VIA FRATELLI GABBA\, 1/A\, 20121\, Milano\, Milano","Milano",20121,"Milano","Lombardia","Italia",45.46994,9.19008,1
"https://www.informazione-aziende.it/Azienda_JERSEY-LOMELLINA-SPA","Jersey Lomellina S.p.a.","VIA DON A. PEDRINELLI\, 94\, 24030\, Carvico\, Bergamo","Carvico",24030,"Bergamo","Lombardia","Italia",45.70031,9.49427,1
"https://www.informazione-aziende.it/Azienda_STAMPERIA-DI-MARTINENGO-SRL","Stamperia Di Martinengo - S.r.l.","VIA ANGELO E AGOSTINO PINETTI\, 44\, 24057\, Martinengo\, Bergamo","Martinengo",24057,"Bergamo","Lombardia","Italia",45.57004,9.75779,1
"https://www.informazione-aziende.it/Azienda_LIMONTA-SPORT-SPA","Limonta Sport S.p.a.","CORSO XXV APRILE\, 167/B\, 22036\, Erba\, Como","Erba",22036,"Como","Lombardia","Italia",45.81055,9.23142,1
"https://www.informazione-aziende.it/Azienda_GABEL-INDUSTRIA-TESSILE-SPA","Gabel Industria Tessile S.p.a.","VIA XX SETTEMBRE\, 35\, 22069\, Rovellasca\, Como","Rovellasca",22069,"Como","Lombardia","Italia",45.66569,9.03939,1
"https://www.informazione-aziende.it/Azienda_RADICI-PIETRO-INDUSTRIES-BRANDS-SPA","Radici Pietro Industries & Brands S.p.a.","VIA CAV. PIETRO RADICI\, 19\, 24024\, Cazzano Sant'andrea\, Bergamo","Cazzano Sant'andrea",24024,"Bergamo","Lombardia","Italia",45.80758,9.88117,1
"https://www.informazione-aziende.it/Azienda_CERVOTESSILE-SPA","Cervotessile S.p.a.","VIALE MAJNO LUIGI\, 5\, 20122\, Milano\, Milano","Milano",20122,"Milano","Lombardia","Italia",45.46861,9.2055,1
"https://www.informazione-aziende.it/Azienda_FILMAR-SPA","Filmar S.p.a.","VIA DE GASPERI\, 65\, 25030\, Erbusco\, Brescia","Erbusco",25030,"Brescia","Lombardia","Italia",45.60462,9.93552,1
"https://www.informazione-aziende.it/Azienda_ALFREDO-GRASSI-SPA","\"alfredo Grassi S.p.a.\"","VIA VITTORIO VENETO\, 82\, 21015\, Lonate Pozzolo\, Varese","Lonate Pozzolo",21015,"Varese","Lombardia","Italia",45.59324,8.74456,1
"https://www.informazione-aziende.it/Azienda_CLERICI-TESSUTO-C-SPA","Clerici Tessuto & C. S.p.a.","VIA BELVEDERE\, 1/A\, 22070\, Grandate\, Como","Grandate",22070,"Como","Lombardia","Italia",45.77573,9.06123,1
"https://www.informazione-aziende.it/Azienda_CONFEZIONI-ANDREA-ITALIA-SRL","Confezioni Andrea Italia S.r.l.","VIA GIUSEPPE VERDI\, 5\, 21020\, Bodio Lomnago\, Varese","Bodio Lomnago",21020,"Varese","Lombardia","Italia",45.79007,8.74447,1
"https://www.informazione-aziende.it/Azienda_PANTEX-INTERNATIONAL-SPA","Pantex International S.p.a.","VIA BOLOGNA\, 7\, 20060\, Trezzano Rosa\, Milano","Trezzano Rosa",20060,"Milano","Lombardia","Italia",45.58869,9.47654,1
"https://www.informazione-aziende.it/Azienda_NOVATEX-ITALIA-SPA","Novatex Italia S.p.a.","VIA PER DOLZAGO\, 37\, 23848\, Oggiono\, Lecco","Oggiono",23848,"Lecco","Lombardia","Italia",45.77686,9.34109,1
"https://www.informazione-aziende.it/Azienda_FITESA-ITALY-SRL","Fitesa Italy S.r.l.","VIA BOLOGNA\, 7\, 20060\, Trezzano Rosa\, Milano","Trezzano Rosa",20060,"Milano","Lombardia","Italia",45.58869,9.47654,1
"https://www.informazione-aziende.it/Azienda_SITIP-SPA","Sitip S.p.a.","VIA VALL'ALTA\, 13\, 24020\, Cene\, Bergamo","Cene",24020,"Bergamo","Lombardia","Italia",45.77009,9.82513,1
"https://www.informazione-aziende.it/Azienda_VINCENZO-ZUCCHI-SOCIETA-PER-AZIONI","Vincenzo Zucchi - Societa' Per Azioni","VIA LEGNANO\, 24\, 20027\, Rescaldina\, Milano","Rescaldina",20027,"Milano","Lombardia","Italia",45.61223,8.94603,1
"https://www.informazione-aziende.it/Azienda_CANEPA-SPA","Canepa S.p.a.","VIA TRINITA'\, 1\, 22042\, San Fermo Della Battaglia\, Como","San Fermo Della Battaglia",22042,"Como","Lombardia","Italia",45.80287,9.04022,1
"https://www.informazione-aziende.it/Azienda_INDUSTRIE-CHIMICHE-FORESTALI-SPA-CORRENTE-ANCHE-SOTTO-LA-SI-GLA-ICF-SPA","\"industrie Chimiche Forestali S.p.a.\"\, Corrente Anche Sotto La Si Gla I.c.f. S.p.a.","VIA F.LLI KENNEDY\, 75\, 20010\, Marcallo Con Casone\, Milano","Marcallo Con Casone",20010,"Milano","Lombardia","Italia",45.47874,8.86665,1
"https://www.informazione-aziende.it/Azienda_SANTEX-SPA","Santex S.p.a.","VIA S.GIOVANNI SUL MURO\, 0001\, 20121\, Milano\, Milano","Milano",20121,"Milano","Lombardia","Italia",45.46677,9.18132,1
"https://www.informazione-aziende.it/Azienda_ACHILLE-PINTO-SPA","Achille Pinto S.p.a.","VIA SANTA TECLA\, 3\, 20122\, Milano\, Milano","Milano",20122,"Milano","Lombardia","Italia",45.46274,9.193,1
"https://www.informazione-aziende.it/Azienda_PARA-SPA","Para' S.p.a.","VIA FERRUCCIO RADAELLI\, 56\, 24040\, Pontirolo Nuovo\, Bergamo","Pontirolo Nuovo",24040,"Bergamo","Lombardia","Italia",45.57878,9.57039,1
"https://www.informazione-aziende.it/Azienda_BRANDART-IMAGE-PACKAGING-SRL-IN-FORMA-ABBREVIATA-BRANDART-SRL","Brandart Image Packaging S.r.l. In Forma Abbreviata Brandart S.r.l.","VIALE LUNIGIANA\, 46\, 20125\, Milano\, Milano","Milano",20125,"Milano","Lombardia","Italia",45.49346,9.20181,1
"https://www.informazione-aziende.it/Azienda_MANTERO-SETA-SPA","Mantero Seta-s.p.a","VIA RICCARDO MANTERO\, 15\, 22070\, Grandate\, Como","Grandate",22070,"Como","Lombardia","Italia",45.7779,9.04924,1
"https://www.informazione-aziende.it/Azienda_CANDIANI-SPA","Candiani S.p.a.","VIA ARESE\, 0085\, 20020\, Robecchetto Con Induno\, Milano","Robecchetto Con Induno",20020,"Milano","Lombardia","Italia",45.5385,8.76109,1
"https://www.informazione-aziende.it/Azienda_MOZZATE-NONWOVENS-SRL","Mozzate Nonwovens S.r.l.","VIA AL CORBE'\, SNC\, 22076\, Mozzate\, Como","Mozzate",22076,"Como","Lombardia","Italia",45.66465,8.96038,1
"https://www.informazione-aziende.it/Azienda_SAATI-SPA","Saati S.p.a.","VIA MILANO\, 14\, 22070\, Appiano Gentile\, Como","Appiano Gentile",22070,"Como","Lombardia","Italia",45.72762,8.98338,1
"https://www.informazione-aziende.it/Azienda_LISA-SPA","Lisa S.p.a.","VIA PER FENEGRO'\, 26\, 22070\, Veniano\, Como","Veniano",22070,"Como","Lombardia","Italia",45.71692,8.99621,1
"https://www.informazione-aziende.it/Azienda_RATTI-SPA","Ratti S.p.a.","VIA MADONNA\, 30\, 22070\, Guanzate\, Como","Guanzate",22070,"Como","Lombardia","Italia",45.72598,9.019,1
"https://www.informazione-aziende.it/Azienda_CARVICO-SPA","Carvico - S.p.a.","VIA DON A. PEDRINELLI\, 96\, 24030\, Carvico\, Bergamo","Carvico",24030,"Bergamo","Lombardia","Italia",45.70031,9.49427,1
"https://www.informazione-aziende.it/Azienda_COTONIFICIO-ALBINI-SPA","Cotonificio Albini S.p.a.","VIA DR. SILVIO ALBINI\, 1\, 24021\, Albino\, Bergamo","Albino",24021,"Bergamo","Lombardia","Italia",45.76145,9.80018,1
"https://www.informazione-aziende.it/Azienda_SOCIETA-INDUSTRIALE-CREMONESE-SICREM-SPA-ENUNCIABILE-ANCHE-IN-FORMA-ABBREVIATA-SICREM-SPA","Societa' Industriale Cremonese Sicrem Spa Enunciabile Anche In Forma Abbreviata \"sicrem Spa\"","VIA G.B. PIRELLI\, 56\, 26026\, Pizzighettone\, Cremona","Pizzighettone",26026,"Cremona","Lombardia","Italia",45.18398,9.7912,1
"https://www.informazione-aziende.it/Azienda_LIMONTA-SOCIETA-PER-AZIONI","Limonta - Societa' Per Azioni","VIA C.BATTISTI\, 15\, 23845\, Costa Masnaga\, Lecco","Costa Masnaga",23845,"Lecco","Lombardia","Italia",45.76601,9.2739,1
"https://www.informazione-aziende.it/Azienda_ALCANTARA-SPA","Alcantara S.p.a.","VIA MECENATE\, 86\, 20138\, Milano\, Milano","Milano",20138,"Milano","Lombardia","Italia",45.45111,9.25014,1
"https://www.informazione-aziende.it/Azienda_FULGAR-SPA","Fulgar S.p.a.","STRADA CASALOLDO\, 55\, 46042\, Castel Goffredo\, Mantova","Castel Goffredo",46042,"Mantova","Lombardia","Italia",45.28004,10.4675,1
"https://www.informazione-aziende.it/Azienda_NUOVA-TECNOFIBRA-SRL","Nuova Tecnofibra - S.r.l.","VIA DANTE\, 75\, 22070\, Carbonate\, Como","Carbonate",22070,"Como","Lombardia","Italia",45.67375,8.91681,1
"https://www.informazione-aziende.it/Azienda_TAY-SRL","Tay S.r.l.","VIA DEI MILLE\, 31\, 24067\, Sarnico\, Bergamo","Sarnico",24067,"Bergamo","Lombardia","Italia",45.66887,9.94566,1
"https://www.informazione-aziende.it/Azienda_TESSITURA-ORESTE-MARIANI-SPA","Tessitura Oreste Mariani S.p.a.","VIA ALFREDO CATALANI\, 75\, 20833\, Giussano\, Monza E Brianza","Giussano",20833,"Monza E Brianza","Lombardia","Italia",45.68048,9.20572,1
"https://www.informazione-aziende.it/Azienda_LISSONE-FARMACIE-SPA","Lissone Farmacie Spa.","VIA GIOSUE' CARDUCCI\, 24\, 20851\, Lissone\, Monza E Brianza","Lissone",20851,"Monza E Brianza","Lombardia","Italia",45.60444,9.23534,1
"https://www.informazione-aziende.it/Azienda_AZIENDA-SPECIALE-FARMACIA-MULTISERVIZI-COMUNALE-BRESSO","Azienda Speciale Farmacia Multiservizi Comunale Bresso","VIA PAPA GIOVANNI XXIII\, 43\, 20091\, Bresso\, Milano","Bresso",20091,"Milano","Lombardia","Italia",45.52865,9.18916,1
"https://www.informazione-aziende.it/Azienda_LAVENO-MOMBELLO-SRL","Laveno Mombello S.r.l.","VIALE G. GARIBALDI\, 11\, 21014\, Laveno-mombello\, Varese","Laveno-mombello",21014,"Varese","Lombardia","Italia",45.90863,8.61945,1
"https://www.informazione-aziende.it/Azienda_FARMACIA-COMUNALE-DI-VIADANA-SRL-IN-SIGLA-FCV-SRL","Farmacia Comunale Di Viadana S.r.l. In Sigla F.c.v. S.r.l.","LARGO DE GASPERI\, 1/3\, 46019\, Viadana\, Mantova","Viadana",46019,"Mantova","Lombardia","Italia",44.92683,10.52235,1
"https://www.informazione-aziende.it/Azienda_AZIENDA-SPECIALE-SUZZARA-SERVIZI","Azienda Speciale Suzzara Servizi","PIAZZA CASTELLO\, 1\, 46029\, Suzzara\, Mantova","Suzzara",46029,"Mantova","Lombardia","Italia",44.9901,10.74511,1
"https://www.informazione-aziende.it/Azienda_SANITAS-SERIATE-SRL","Sanitas Seriate S.r.l.","PIAZZA ALEBARDI\, 1\, 24068\, Seriate\, Bergamo","Seriate",24068,"Bergamo","Lombardia","Italia",45.68538,9.72113,1
"https://www.informazione-aziende.it/Azienda_AZIENDA-SPECIALE-PLURISERVIZI-DI-MAGNAGO-ASPM","Azienda Speciale Pluriservizi Di Magnago - A.s.p.m.","VIA SARDEGNA\, 1\, 20020\, Magnago\, Milano","Magnago",20020,"Milano","Lombardia","Italia",45.5771,8.81813,1
"https://www.informazione-aziende.it/Azienda_AZIENDA-SPECIALE-SERVIZI-PUBBLICI","\"azienda Speciale Servizi Pubblici\"","PIAZZA GIUSEPPE MAZZINI\, 13\, 21010\, Cardano Al Campo\, Varese","Cardano Al Campo",21010,"Varese","Lombardia","Italia",45.6447,8.772,1
"https://www.informazione-aziende.it/Azienda_ANTICA-FARMACIA-LONATE-SRL","Antica Farmacia Lonate S.r.l.","VIA DUCA DEGLI ABRUZZI\, 166\, 21100\, Varese\, Varese","Varese",21100,"Varese","Lombardia","Italia",45.81626,8.76087,1
"https://www.informazione-aziende.it/Azienda_FARMACIA-CORTI-SRL","Farmacia Corti S.r.l.","VIA NAZIONALE\, 1104\, 23025\, Novate Mezzola\, Sondrio","Novate Mezzola",23025,"Sondrio","Lombardia","Italia",46.21204,9.44872,1
"https://www.informazione-aziende.it/Azienda_FARMACIA-LODOLA-DOTT-F-E-G-SRL","Farmacia Lodola Dott. F. E G. S.r.l.","VIA ROMA\, 59\, 27010\, Siziano\, Pavia","Siziano",27010,"Pavia","Lombardia","Italia",45.31916,9.20034,1
"https://www.informazione-aziende.it/Azienda_FARMACIA-FOPPOLI-SRL","Farmacia Foppoli Srl","VIA CASA BIANCA\, 3\, 25040\, Esine\, Brescia","Esine",25040,"Brescia","Lombardia","Italia",45.90504,10.22264,1
"https://www.informazione-aziende.it/Azienda_AAF-SRL-9A28B","Aaf S.r.l.","VIA MALTA\, 12\, 25124\, Brescia\, Brescia","Brescia",25124,"Brescia","Lombardia","Italia",45.52654,10.21434,1
"https://www.informazione-aziende.it/Azienda_FARMACIA-SANTANTONIO-SRL-9C4CC","Farmacia Sant'antonio S.r.l.","VIA GALASSI\, 7\, 25047\, Darfo Boario Terme\, Brescia","Darfo Boario Terme",25047,"Brescia","Lombardia","Italia",45.89007,10.19006,1
"https://www.informazione-aziende.it/Azienda_FARMACIA-DEL-GENTILINO-SRL","Farmacia Del Gentilino S.r.l.","VIA LAGRANGE GIUSEPPE\, 2\, 20136\, Milano\, Milano","Milano",20136,"Milano","Lombardia","Italia",45.44891,9.1792,1
"https://www.informazione-aziende.it/Azienda_FARMACIA-DI-ESINE-SRL","Farmacia Di Esine S.r.l.","VIA ALESSANDRO MANZONI\, 24\, 25040\, Esine\, Brescia","Esine",25040,"Brescia","Lombardia","Italia",45.92483,10.25533,1
"https://www.informazione-aziende.it/Azienda_CESARE-VAIANI-SRL","Cesare Vaiani Srl","VIA ALDO MORO\, SNC\, 27018\, Vidigulfo\, Pavia","Vidigulfo",27018,"Pavia","Lombardia","Italia",45.29065,9.23743,1
"https://www.informazione-aziende.it/Azienda_FARMACIA-LAMIRANDA-SRL","Farmacia Lamiranda S.r.l.","VIA FRANCESCO PETRARCA\, 111\, 20099\, Sesto San Giovanni\, Milano","Sesto San Giovanni",20099,"Milano","Lombardia","Italia",45.54416,9.2376,1
"https://www.informazione-aziende.it/Azienda_FARMACIA-FUENTES-SRL","Farmacia Fuentes S.r.l.","VIA LA ROSA\, 354\, 23010\, Piantedo\, Sondrio","Piantedo",23010,"Sondrio","Lombardia","Italia",46.13875,9.418,1
"https://www.informazione-aziende.it/Azienda_FARMACIA-SANTA-RITA-SRL-F3FBE","Farmacia Santa Rita S.r.l.","VIA CAPRERA\, 20\, 21046\, Malnate\, Varese","Malnate",21046,"Varese","Lombardia","Italia",45.79076,8.87871,1
"https://www.informazione-aziende.it/Azienda_FARMACIA-CAVALLARI-SRL-UNIPERSONALE","\"farmacia Cavallari S.r.l.\" - Unipersonale","VIA CAVALLARI\, 31\, 23030\, Castello Dell'acqua\, Sondrio","Castello Dell'acqua",23030,"Sondrio","Lombardia","Italia",46.15364,10.03204,1
"https://www.informazione-aziende.it/Azienda_MONTAGNA-SERVIZI-SRL","Montagna Servizi S.r.l.","VIA PIAZZA\, 19\, 23020\, Montagna In Valtellina\, Sondrio","Montagna In Valtellina",23020,"Sondrio","Lombardia","Italia",46.17942,9.90422,1
"https://www.informazione-aziende.it/Azienda_FARMACIA-SAN-GIORGIO-SRL-5BEE0","Farmacia San Giorgio S.r.l.","PIAZZA MAZZINI\, 23\, 20010\, San Giorgio Su Legnano\, Milano","San Giorgio Su Legnano",20010,"Milano","Lombardia","Italia",45.57509,8.91279,1
"https://www.informazione-aziende.it/Azienda_GESTIONE-SERVIZI-COMUNALI-COLERE-SRL","Gestione Servizi Comunali Colere S.r.l.","VIA SANT'ANTONINO\, 3\, 24122\, Bergamo\, Bergamo","Bergamo",24122,"Bergamo","Lombardia","Italia",45.69329,9.66195,1
"https://www.informazione-aziende.it/Azienda_FARMACIA-TRIBULINA-SRL","Farmacia Tribulina S.r.l.","PIAZZA GIOVANNI XXIII\, 10\, 24020\, Scanzorosciate\, Bergamo","Scanzorosciate",24020,"Bergamo","Lombardia","Italia",45.71499,9.77353,1
"https://www.informazione-aziende.it/Azienda_CONI-ZUGNA-FARMA-SRL","Coni Zugna Farma S.r.l.","VIA MONTE NAPOLEONE\, 29\, 20121\, Milano\, Milano","Milano",20121,"Milano","Lombardia","Italia",45.4699,9.19293,1
"https://www.informazione-aziende.it/Azienda_CREMONA-FARMA-SRL","Cremona Farma S.r.l.","VIA OGLIO\, 5\, 26100\, Cremona\, Cremona","Cremona",26100,"Cremona","Lombardia","Italia",45.13199,10.00971,1
"https://www.informazione-aziende.it/Azienda_FARMACIA-TINTI-SRL","Farmacia Tinti S.r.l.","PIAZZA VITTORIO EMANUELE II\, 43\, 25034\, Orzinuovi\, Brescia","Orzinuovi",25034,"Brescia","Lombardia","Italia",45.40213,9.92436,1
"https://www.informazione-aziende.it/Azienda_MARTIN-PHARMA-SRL","Martin Pharma S.r.l.","VIA GENALA\, 48\, 26015\, Soresina\, Cremona","Soresina",26015,"Cremona","Lombardia","Italia",45.28715,9.85484,1
"https://www.informazione-aziende.it/Azienda_FARMACIA-ITRIA-SRL","Farmacia Itria S.r.l.","VIA DISCIPLINI\, 7\, 20123\, Milano\, Milano","Milano",20123,"Milano","Lombardia","Italia",45.45799,9.18607,1
"https://www.informazione-aziende.it/Azienda_FARMACIA-FILIPPI-DRSSA-FRANCESCA-SRL","Farmacia Filippi Dr.ssa Francesca S.r.l.","CORSO BARTESAGHI\, 1\, 22036\, Erba\, Como","Erba",22036,"Como","Lombardia","Italia",45.81027,9.21862,1
"https://www.informazione-aziende.it/Azienda_FARMACIA-COMUNALE-DI-GUSSAGO","Farmacia Comunale Di Gussago","VIA PERACCHIA\, 3\, 25064\, Gussago\, Brescia","Gussago",25064,"Brescia","Lombardia","Italia",45.59232,10.1534,1
"https://www.informazione-aziende.it/Azienda_PIURO-FARMACIA-SRL","Piuro Farmacia S.r.l.","VIA NAZIONALE\, 5\, 23020\, Piuro\, Sondrio","Piuro",23020,"Sondrio","Lombardia","Italia",46.32847,9.43349,1
"https://www.informazione-aziende.it/Azienda_FARMACIA-NUOVA-SRL-FB4DF","Farmacia Nuova  S.r.l.","VIA PREMOLI\, 18\, 26815\, Massalengo\, Lodi","Massalengo",26815,"Lodi","Lombardia","Italia",45.26274,9.48897,1
"https://www.informazione-aziende.it/Azienda_FARMACIA-DEL-SANTUARIO-SRL","Farmacia Del Santuario S.r.l.","VIA PROVINCIALE\, 9\, 24050\, Ghisalba\, Bergamo","Ghisalba",24050,"Bergamo","Lombardia","Italia",45.59581,9.75656,1
"https://www.informazione-aziende.it/Azienda_FARMACIA-COMUNALE-DI-VANZAGO-SRL","Farmacia Comunale Di Vanzago S.r.l.","VIA SANTA ISAIA\, 5\, 20010\, Vanzago\, Milano","Vanzago",20010,"Milano","Lombardia","Italia",45.50828,8.9761,1
"https://www.informazione-aziende.it/Azienda_FARMACIA-DRSSA-DEL-PONTE-RAFFAELLA-SRL","Farmacia Dr.ssa Del Ponte Raffaella S.r.l.","VIA ROMA\, 53/C\, 24010\, Olmo Al Brembo\, Bergamo","Olmo Al Brembo",24010,"Bergamo","Lombardia","Italia",45.9695,9.64875,1
"https://www.informazione-aziende.it/Azienda_FAO-SRL","Fao S.r.l.","VIA MONTANELLI\, 2\, 24020\, Ardesio\, Bergamo","Ardesio",24020,"Bergamo","Lombardia","Italia",45.93676,9.93152,1
"https://www.informazione-aziende.it/Azienda_SIGRA-SRL-FEADD","Sigra S.r.l.","VIA VITRUVIO\, 11\, 20124\, Milano\, Milano","Milano",20124,"Milano","Lombardia","Italia",45.48108,9.2089,1
"https://www.informazione-aziende.it/Azienda_GONZAGA-SERVIZI-SRL-01FB6","Gonzaga Servizi S.r.l.","VIALE GIOVANNI XXIII\, 45/5-6\, 46023\, Gonzaga\, Mantova","Gonzaga",46023,"Mantova","Lombardia","Italia",44.97176,10.77724,1
"https://www.informazione-aziende.it/Azienda_POGGIRIDENTI-SERVIZI-COMUNALI-SRL","Poggiridenti Servizi Comunali S.r.l.","VIA STELVIO\, 25\, 23020\, Poggiridenti\, Sondrio","Poggiridenti",23020,"Sondrio","Lombardia","Italia",46.16955,9.92249,1
"https://www.informazione-aziende.it/Azienda_FARMACIA-NUOVA-SRL-598D8","Farmacia Nuova S.r.l.","VIA MOLINO ARESE\, 66\, 20811\, Cesano Maderno\, Monza E Brianza","Cesano Maderno",20811,"Monza E Brianza","Lombardia","Italia",45.63098,9.17098,1
"https://www.informazione-aziende.it/Azienda_ORTOPEDIA-LEONE-SRL","Ortopedia Leone S.r.l.","VIA SISMONDI GIAN CARLO\, 44\, 20133\, Milano\, Milano","Milano",20133,"Milano","Lombardia","Italia",45.4655,9.23055,1
"https://www.informazione-aziende.it/Azienda_FARMACIA-COMUNALE-BUBBIANO-SRL-A-SOCIO-UNICO","Farmacia Comunale Bubbiano S.r.l. A Socio Unico","PIAZZA VITTORIO VENETO\, SNC\, 20080\, Bubbiano\, Milano","Bubbiano",20080,"Milano","Lombardia","Italia",45.32742,9.01515,1
"https://www.informazione-aziende.it/Azienda_ASSP-AZIENDA-SPECIALE-SERVIZI-PARABIAGO","A.s.s.p. Azienda Speciale Servizi Parabiago","P.ZZA DELLA VITTORIA\, 7\, 20015\, Parabiago\, Milano","Parabiago",20015,"Milano","Lombardia","Italia",45.55699,8.95074,1
"https://www.informazione-aziende.it/Azienda_FARMACIA-COMUNALE-DI-SOLZA-SRL","Farmacia Comunale Di Solza S.r.l.","VIA SAN ROCCO\, 13\, 24030\, Solza\, Bergamo","Solza",24030,"Bergamo","Lombardia","Italia",45.67773,9.49031,1
"https://www.informazione-aziende.it/Azienda_HOLDING-FARMACIE-SRL","Holding Farmacie S.r.l.","VIA ACHILLE GRANDI\, 18\, 25125\, Brescia\, Brescia","Brescia",25125,"Brescia","Lombardia","Italia",45.51617,10.16554,1
"https://www.informazione-aziende.it/Azienda_FARMACIA-ARCHIMEDE-SRL","Farmacia Archimede S.r.l.","VIA ARCHIMEDE\, 20\, 20129\, Milano\, Milano","Milano",20129,"Milano","Lombardia","Italia",45.46507,9.21158,1
"https://www.informazione-aziende.it/Azienda_FARMACIA-SAN-SILVESTRO-SAS-DEL-DOTT-ANDREA-LOLLO-C","Farmacia San Silvestro S.a.s. Del Dott. Andrea Lollo & C.","VIA VITTORINA GEMENTI\, 65\, 46010\, Curtatone\, Mantova","Curtatone",46010,"Mantova","Lombardia","Italia",45.13011,10.7477,1
"https://www.informazione-aziende.it/Azienda_ARTEMISIA-SRL-D08ED","Artemisia S.r.l.","PIAZZA BASILICA\, 4\, 23037\, Tirano\, Sondrio","Tirano",23037,"Sondrio","Lombardia","Italia",46.21789,10.15605,1
"https://www.informazione-aziende.it/Azienda_BOTTICINO-SERVIZI-SRL","Botticino Servizi S.r.l.","VIA SALVO D'ACQUISTO\, 31\, 25080\, Botticino\, Brescia","Botticino",25080,"Brescia","Lombardia","Italia",45.542,10.31976,1
"https://www.informazione-aziende.it/Azienda_FARMACIA-DI-ADRO-SRL","Farmacia Di Adro S.r.l.","VIA SIMONI\, 26\, 25030\, Adro\, Brescia","Adro",25030,"Brescia","Lombardia","Italia",45.62133,9.96341,1
"https://www.informazione-aziende.it/Azienda_FARMACIA-CRISTINI-SRL","Farmacia Cristini S.r.l.","VIA PROVINCIALE\, 24\, 22038\, Tavernerio\, Como","Tavernerio",22038,"Como","Lombardia","Italia",45.80051,9.15119,1
"https://www.informazione-aziende.it/Azienda_FARMACIA-LUIGI-FONTANA-SRL","Farmacia Luigi Fontana S.r.l.","VIA DELLE FORZE ARMATE\, 212\, 20152\, Milano\, Milano","Milano",20152,"Milano","Lombardia","Italia",45.46164,9.12108,1
"https://www.informazione-aziende.it/Azienda_FARMACIE-VITTORIA-SRL","Farmacie Vittoria S.r.l.","VIA FERRI\, 6\, 46027\, San Benedetto Po\, Mantova","San Benedetto Po",46027,"Mantova","Lombardia","Italia",45.04195,10.92622,1
"https://www.informazione-aziende.it/Azienda_MARPICATI-SRL","Marpicati S.r.l.","VIA CAVALLOTTI\, 122\, 20900\, Monza\, Monza E Brianza","Monza",20900,"Monza E Brianza","Lombardia","Italia",45.57777,9.25307,1
"https://www.informazione-aziende.it/Azienda_FARMACIA-DI-COPRENO-SRL","Farmacia Di Copreno S.r.l.","VIA MATTEOTTI\, 8\, 20823\, Lentate Sul Seveso\, Monza E Brianza","Lentate Sul Seveso",20823,"Monza E Brianza","Lombardia","Italia",45.67824,9.11916,1
"https://www.informazione-aziende.it/Azienda_FARMAICURZIO-SRL","Farmaicurzio S.r.l.","VIA ROGORINI\, 18\, 20886\, Aicurzio\, Monza E Brianza","Aicurzio",20886,"Monza E Brianza","Lombardia","Italia",45.63885,9.41321,1
"https://www.informazione-aziende.it/Azienda_FARMACIA-ARIANO-SRL","Farmacia Ariano Srl","VIA LAZZARETTO\, 46\, 23848\, Oggiono\, Lecco","Oggiono",23848,"Lecco","Lombardia","Italia",45.78865,9.3481,1
"https://www.informazione-aziende.it/Azienda_AZIENDA-SPECIALE-MULTISERVIZI-GERENZANO","Azienda Speciale Multiservizi Gerenzano","VIA DUCA DEGLI ABRUZZI\, 4\, 21040\, Gerenzano\, Varese","Gerenzano",21040,"Varese","Lombardia","Italia",45.63938,8.9991,1
"https://www.informazione-aziende.it/Azienda_FARMACIA-DI-VERDELLO-SRL","Farmacia Di Verdello S.r.l.","VIALE DELLA REPUBBLICA\, 12/A\, 24049\, Verdello\, Bergamo","Verdello",24049,"Bergamo","Lombardia","Italia",45.60801,9.63573,1
"https://www.informazione-aziende.it/Azienda_FARMACIA-ALLABBAZIA-SRL","Farmacia All'abbazia S.r.l.","VIA GARIBALDI\, 45\, 21029\, Vergiate\, Varese","Vergiate",21029,"Varese","Lombardia","Italia",45.72863,8.69876,1
"https://www.informazione-aziende.it/Azienda_GESTIONE-SERVIZI-AMBIENTALI-COMUNALI-SRL-IN-SIGLA-GESACOM-SRL","Gestione Servizi Ambientali Comunali S.r.l. In Sigla \"ge.s.a.com. S.r.l.\"","PIAZZA RISORGIMENTO\, 24\, 20084\, Lacchiarella\, Milano","Lacchiarella",20084,"Milano","Lombardia","Italia",45.32137,9.13751,1
"https://www.informazione-aziende.it/Azienda_FARMACIA-DOTTSSA-BOGNETTI-SRL","Farmacia Dott.ssa Bognetti S.r.l.","PIAZZA LIBERTA'\, 19\, 20020\, Arconate\, Milano","Arconate",20020,"Milano","Lombardia","Italia",45.54025,8.84799,1
"https://www.informazione-aziende.it/Azienda_FARMACIA-DI-PERO","Farmacia Di Pero","VIA CESARE BATTISTI\, 6\, 20016\, Pero\, Milano","Pero",20016,"Milano","Lombardia","Italia",45.5174,9.07188,1
"https://www.informazione-aziende.it/Azienda_FARMACIA-BIANDRONNO-SRL","Farmacia Biandronno S.r.l.","LUNGOLAGO DUCA DEGLI ABRUZZI\, 166\, 21100\, Varese\, Varese","Varese",21100,"Varese","Lombardia","Italia",45.81095,8.76878,1
"https://www.informazione-aziende.it/Azienda_AZIENDA-SPECIALE-VOLTA-SERVIZI","Azienda Speciale Volta Servizi","VIA BEATA PAOLA MONTALDI\, 15\, 46049\, Volta Mantovana\, Mantova","Volta Mantovana",46049,"Mantova","Lombardia","Italia",45.32118,10.65877,1
"https://www.informazione-aziende.it/Azienda_AZIENDA-SPECIALE-SIRMIONE","Azienda Speciale Sirmione","PIAZZA VIRGILIO\, 52\, 25019\, Sirmione\, Brescia","Sirmione",25019,"Brescia","Lombardia","Italia",45.46437,10.60976,1
"https://www.informazione-aziende.it/Azienda_CASTIONE-ANDEVENNO-SERVIZI-COMUNALI-SRL","Castione Andevenno Servizi Comunali S.r.l.","VIA ROMA\, 14\, 23012\, Castione Andevenno\, Sondrio","Castione Andevenno",23012,"Sondrio","Lombardia","Italia",46.1731,9.80065,1
"https://www.informazione-aziende.it/Azienda_CARPENEDOLO-SERVIZI-SRL","Carpenedolo Servizi S.r.l.","PIAZZA EUROPA\, 1\, 25013\, Carpenedolo\, Brescia","Carpenedolo",25013,"Brescia","Lombardia","Italia",45.36237,10.42995,1
"https://www.informazione-aziende.it/Azienda_FARMACIA-DONGO-SRL","Farmacia Dongo Srl","PIAZZA PARACCHINI\, 14\, 22014\, Dongo\, Como","Dongo",22014,"Como","Lombardia","Italia",46.12268,9.28006,1
"https://www.informazione-aziende.it/Azienda_MAZZANO-SERVIZI-SRL","Mazzano Servizi S.r.l.","VIA MATTEOTTI\, 10\, 25080\, Mazzano\, Brescia","Mazzano",25080,"Brescia","Lombardia","Italia",45.4987,10.3481,1
"https://www.informazione-aziende.it/Azienda_AZIENDA-SPECIALE-GESTIONE-DELLE-FARMACIE-E-SERVIZI-SOCIOSANITARI-DI-MALNATE-SIGLA-AZIENDA-SPECIALE-MUNICIPALIZZATA-PER-LA-FARMACIA-E-SERVIZI-SOCIOSANITARI","Azienda Speciale Gestione Delle Farmacie E Servizi Sociosanitari Di Malnate- Sigla: Azienda Speciale Municipalizzata Per La Farmacia E Servizi Sociosanitari","VIA KENNEDY\, 1\, 21046\, Malnate\, Varese","Malnate",21046,"Varese","Lombardia","Italia",45.79621,8.884,1
"https://www.informazione-aziende.it/Azienda_COCCAGLIO-SERVIZI-SRL","Coccaglio Servizi S.r.l.","VIA MATTEOTTI\, 10\, 25030\, Coccaglio\, Brescia","Coccaglio",25030,"Brescia","Lombardia","Italia",45.56206,9.97805,1
"https://www.informazione-aziende.it/Azienda_NUOVA-FARMABRONI-SRL","Nuova Farmabroni S.r.l.","VIA BRUNO ESEGUITI\, 40BIS\, 27043\, Broni\, Pavia","Broni",27043,"Pavia","Lombardia","Italia",45.05647,9.2549,1
"https://www.informazione-aziende.it/Azienda_FARMACIA-BREMBATE-DI-SOPRA-SRL","Farmacia Brembate Di Sopra S.r.l.","PIAZZA PAPA GIOVANNI PAOLO II\, 35\, 24030\, Brembate Di Sopra\, Bergamo","Brembate Di Sopra",24030,"Bergamo","Lombardia","Italia",45.72031,9.58328,1
"https://www.informazione-aziende.it/Azienda_ASC-SRL-UNIPERSONALE","A.s.c.   S.r.l.   Unipersonale","PIAZZA ALDO  MORO\, 1\, 25011\, Calcinato\, Brescia","Calcinato",25011,"Brescia","Lombardia","Italia",45.46596,10.28722,1
"https://www.informazione-aziende.it/Azienda_AZIENDA-SPECIALE-FARMACEUTICA","Azienda Speciale Farmaceutica","PIAZZA IV NOVEMBRE\, 4\, 22074\, Lomazzo\, Como","Lomazzo",22074,"Como","Lombardia","Italia",45.69868,9.04031,1
"https://www.informazione-aziende.it/Azienda_FARMACIA-ASSAGO-MILANOFIORI-SRL","Farmacia Assago - Milanofiori S.r.l.","VIA DEI CADUTI\, 7\, 20090\, Assago\, Milano","Assago",20090,"Milano","Lombardia","Italia",45.40543,9.13087,1
"https://www.informazione-aziende.it/Azienda_FARMACIA-BORSANO-SRL","Farmacia Borsano S.r.l.","VIA L LAGO DUCA DEGLI ABRUZZI\, 166\, 21100\, Varese\, Varese","Varese",21100,"Varese","Lombardia","Italia",45.81626,8.76087,1
"https://www.informazione-aziende.it/Azienda_FARMACIA-COMUNALE-DI-CAPRIOLO-SRL","Farmacia Comunale Di Capriolo S.r.l.","VIA VITTORIO EMANUELE\, 43\, 25031\, Capriolo\, Brescia","Capriolo",25031,"Brescia","Lombardia","Italia",45.63688,9.93389,1
"https://www.informazione-aziende.it/Azienda_FARMACIA-BEATO-ANGELICO-SRL","Farmacia Beato Angelico - S.r.l.","PIAZZA FRANCESCO GUARDI\, 15\, 20133\, Milano\, Milano","Milano",20133,"Milano","Lombardia","Italia",45.47048,9.22702,1
"https://www.informazione-aziende.it/Azienda_FARMACIA-ROVELLO-PORRO-SRL","Farmacia Rovello Porro S.r.l.","VIA DUCA DEGLI ABRUZZI\, 166\, 21100\, Varese\, Varese","Varese",21100,"Varese","Lombardia","Italia",45.81626,8.76087,1
"https://www.informazione-aziende.it/Azienda_AZIENDA-SPECIALE-FARMACIE-COMUNALI-BRUGHERIO","Azienda Speciale Farmacie Comunali Brugherio","PIAZZA CESARE BATTISTI\, 0001\, 20861\, Brugherio\, Monza E Brianza","Brugherio",20861,"Monza E Brianza","Lombardia","Italia",45.55127,9.30063,1
"https://www.informazione-aziende.it/Azienda_OSPITALETTO-SERVIZI-SRL","Ospitaletto Servizi S.r.l.","VIA MONS. GIROLAMO RIZZI\, 24\, 25035\, Ospitaletto\, Brescia","Ospitaletto",25035,"Brescia","Lombardia","Italia",45.56317,10.07302,1
"https://www.informazione-aziende.it/Azienda_A-PARMIANI","A. Parmiani","VIA ROMA\, 2\, 21051\, Arcisate\, Varese","Arcisate",21051,"Varese","Lombardia","Italia",45.85983,8.86035,1
"https://www.informazione-aziende.it/Azienda_NAVE-SERVIZI-SRL","Nave Servizi Srl","VIA BRESCIA\, 155/K\, 25075\, Nave\, Brescia","Nave",25075,"Brescia","Lombardia","Italia",45.58406,10.27905,1
"https://www.informazione-aziende.it/Azienda_AZIENDA-SPECIALE-COMUNE-DI-MELZO","Azienda Speciale Comune Di Melzo","PIAZZA VITTORIO EMANUELE II\, 1\, 20066\, Melzo\, Milano","Melzo",20066,"Milano","Lombardia","Italia",45.51473,9.4785,1
"https://www.informazione-aziende.it/Azienda_FARMACIA-COMUNALE-DI-CORBETTA-SRL","Farmacia Comunale Di Corbetta Srl","VIA VILLORESI\, 45\, 20011\, Corbetta\, Milano","Corbetta",20011,"Milano","Lombardia","Italia",45.46874,8.90838,1
"https://www.informazione-aziende.it/Azienda_FARMACIA-FLLI-DANESI-SRL","Farmacia F.lli Danesi Srl","VIA SERADINA\, 11\, 25040\, Corte Franca\, Brescia","Corte Franca",25040,"Brescia","Lombardia","Italia",45.63803,10.00463,1
"https://www.informazione-aziende.it/Azienda_DESENZANO-AZIENDA-SPECIALE-SERVIZI","Desenzano Azienda Speciale Servizi","VIA CARDUCCI\, 4\, 25015\, Desenzano Del Garda\, Brescia","Desenzano Del Garda",25015,"Brescia","Lombardia","Italia",45.46963,10.5397,1
"https://www.informazione-aziende.it/Azienda_FARMACIA-COMUNALE-DI-BEDIZZOLE","Farmacia Comunale Di Bedizzole","VIA MONSIGNOR BONTACCHIO\, 5\, 25081\, Bedizzole\, Brescia","Bedizzole",25081,"Brescia","Lombardia","Italia",45.51261,10.41891,1
"https://www.informazione-aziende.it/Azienda_AZIENDA-FARMACIA-COMUNALE","Azienda Farmacia Comunale","PIAZZA LIBERTA'\, 24\, 20010\, Cornaredo\, Milano","Cornaredo",20010,"Milano","Lombardia","Italia",45.50183,9.02573,1
"https://www.informazione-aziende.it/Azienda_FARMACIA-COMUNALE","Farmacia Comunale","PIAZZA VITTORIO EMANUELE II\, 25\, 26866\, Sant'angelo Lodigiano\, Lodi","Sant'angelo Lodigiano",26866,"Lodi","Lombardia","Italia",45.24092,9.40709,1
"https://www.informazione-aziende.it/Azienda_FARMACIA-DOTT-CASO-SRL","Farmacia Dott. Caso S.r.l.","VIA CERESIO\, 30/B\, 22018\, Porlezza\, Como","Porlezza",22018,"Como","Lombardia","Italia",46.03662,9.12226,1
"https://www.informazione-aziende.it/Azienda_FARMACIE-TERESIANE-SRL","Farmacie Teresiane S.r.l.","VIA VERONA\, 35\, 46100\, Mantova\, Mantova","Mantova",46100,"Mantova","Lombardia","Italia",45.17347,10.78727,1
"https://www.informazione-aziende.it/Azienda_AZIENDA-SPECIALE-BUCCINASCO-ASB","Azienda Speciale Buccinasco A.s.b.","VIA ROMA\, 2\, 20094\, Buccinasco\, Milano","Buccinasco",20094,"Milano","Lombardia","Italia",45.42222,9.10829,1
"https://www.informazione-aziende.it/Azienda_FARMACIA-COMUNALE-DI-VITTUONE-SRL","Farmacia Comunale Di Vittuone S.r.l.","STRADA PROVINCIALE 227\, SNC\, 20010\, Vittuone\, Milano","Vittuone",20010,"Milano","Lombardia","Italia",45.4688,8.96409,1
"https://www.informazione-aziende.it/Azienda_AZIENDA-SERVIZI-COMUNALI-SRL","Azienda Servizi Comunali S.r.l.","VIA VENETO V.\, 18\, 20026\, Novate Milanese\, Milano","Novate Milanese",20026,"Milano","Lombardia","Italia",45.53242,9.13464,1
"https://www.informazione-aziende.it/Azienda_AZIENDA-SPECIALE-SERVIZI-SANITARI-DI-VERGIATE","\"azienda Speciale Servizi Sanitari Di Vergiate\"","VIA GIUSEPPE DI VITTORIO\, 2\, 21029\, Vergiate\, Varese","Vergiate",21029,"Varese","Lombardia","Italia",45.72189,8.69491,1
"https://www.informazione-aziende.it/Azienda_AZIENDA-SPECIALE-MULTISERVIZI-SENAGO","Azienda Speciale Multiservizi Senago","PIAZZA DEL TRICOLORE\, 40\, 20030\, Senago\, Milano","Senago",20030,"Milano","Lombardia","Italia",45.57777,9.11905,1
"https://www.informazione-aziende.it/Azienda_AZIENDA-FARMACEUTICA-MUNICIPALE-SRL","Azienda Farmaceutica Municipale S.r.l.","PIAZZA GARIBALDI\, 8\, 26041\, Casalmaggiore\, Cremona","Casalmaggiore",26041,"Cremona","Lombardia","Italia",44.98623,10.41582,1
"https://www.informazione-aziende.it/Azienda_ASM-FARMACIE-COMUNALI-GARBAGNATE-MILANESE-SRL","A.s.m. Farmacie Comunali Garbagnate Milanese S.r.l","PIAZZA DE GASPERI\, 1\, 20024\, Garbagnate Milanese\, Milano","Garbagnate Milanese",20024,"Milano","Lombardia","Italia",45.57656,9.0795,1
"https://www.informazione-aziende.it/Azienda_AZIENDA-SPECIALE-FARMACIE-COMUNALI-DI-RHO","Azienda Speciale Farmacie Comunali Di Rho","VIA CARDINAL FERRARI\, 66\, 20017\, Rho\, Milano","Rho",20017,"Milano","Lombardia","Italia",45.5314,9.0368,1
"https://www.informazione-aziende.it/Azienda_FARMACIA-SOVARZI-SRL","Farmacia Sovarzi S.r.l.","VIA PROVINCIALE PER LECCO\, 850/854\, 22030\, Lipomo\, Como","Lipomo",22030,"Como","Lombardia","Italia",45.79563,9.13248,1
"https://www.informazione-aziende.it/Azienda_TICINESE-FARMA-SRL","Ticinese Farma S.r.l.","VIA FATEBENEFRATELLI\, 10\, 20121\, Milano\, Milano","Milano",20121,"Milano","Lombardia","Italia",45.47304,9.18979,1
"https://www.informazione-aziende.it/Azienda_FARMACIA-DI-LONATO-SRL","Farmacia Di Lonato S.r.l.","VIA CAV DI VITTORIO VENETO\, 16\, 25017\, Lonato Del Garda\, Brescia","Lonato Del Garda",25017,"Brescia","Lombardia","Italia",45.46618,10.48072,1
"https://www.informazione-aziende.it/Azienda_LINFA-SRL-19862","Linfa S.r.l.","VIA LAMBRETTA\, 2\, 20090\, Segrate\, Milano","Segrate",20090,"Milano","Lombardia","Italia",45.48598,9.26739,1
"https://www.informazione-aziende.it/Azienda_FARMACIA-DOTTGUARNERI-SRL","Farmacia Dott.guarneri S.r.l.","PIAZZA L. MANARA\, 9\, 24047\, Treviglio\, Bergamo","Treviglio",24047,"Bergamo","Lombardia","Italia",45.52154,9.59245,1
"https://www.informazione-aziende.it/Azienda_PIUSALUTE-SRL","Piusalute Srl","VIA MATTEOTTI\, 17\, 26013\, Crema\, Cremona","Crema",26013,"Cremona","Lombardia","Italia",45.36272,9.68841,1
"https://www.informazione-aziende.it/Azienda_AZIENDA-SPECIALE-FARMACEUTICA-DI-LAINATE","Azienda Speciale Farmaceutica Di Lainate","VIA RE UMBERTO I\, 1\, 20020\, Lainate\, Milano","Lainate",20020,"Milano","Lombardia","Italia",45.57564,9.02692,1
"https://www.informazione-aziende.it/Azienda_AZIENDA-SPECIALE-SOLARO-MULTISERVIZI","Azienda Speciale Solaro Multiservizi","VIA MAZZINI\, 76\, 20020\, Solaro\, Milano","Solaro",20020,"Milano","Lombardia","Italia",45.61649,9.07794,1
"https://www.informazione-aziende.it/Azienda_CIVICHE-FARMACIE-DESIO-SPA","Civiche Farmacie Desio S.p.a.","CORSO ITALIA\, 53\, 20832\, Desio\, Monza E Brianza","Desio",20832,"Monza E Brianza","Lombardia","Italia",45.61853,9.20751,1
"https://www.informazione-aziende.it/Azienda_AZIENDA-SPECIALE-SERVIZI-DI-AGRATE-BRIANZA","Azienda Speciale Servizi Di Agrate Brianza","VIA LECCO\, 11\, 20864\, Agrate Brianza\, Monza E Brianza","Agrate Brianza",20864,"Monza E Brianza","Lombardia","Italia",45.58174,9.35573,1
"https://www.informazione-aziende.it/Azienda_FARMA-4-SRL","Farma 4 S.r.l.","VIA GALILEO GALILEI\, 72\, 20862\, Arcore\, Monza E Brianza","Arcore",20862,"Monza E Brianza","Lombardia","Italia",45.61199,9.32556,1
"https://www.informazione-aziende.it/Azienda_FARMACIA-WAGNER-SRL","Farmacia Wagner S.r.l.","VIA MICHELANGELO BUONARROTI\, 5\, 20149\, Milano\, Milano","Milano",20149,"Milano","Lombardia","Italia",45.46749,9.15496,1
"https://www.informazione-aziende.it/Azienda_AEVV-FARMACIE-SRL","Aevv Farmacie S.r.l.","VIA RAGAZZI DEL '99\, 19\, 23100\, Sondrio\, Sondrio","Sondrio",23100,"Sondrio","Lombardia","Italia",46.16956,9.86971,1
"https://www.informazione-aziende.it/Azienda_AZIENDA-SPECIALE-FARMACIE-COMUNALI","Azienda Speciale Farmacie Comunali","VIA DANTE\, 2\, 20068\, Peschiera Borromeo\, Milano","Peschiera Borromeo",20068,"Milano","Lombardia","Italia",45.43233,9.31204,1
"https://www.informazione-aziende.it/Azienda_AZIENDA-GHEDI-SERVIZI-SPA-O-IN-FORMA-ABBREVIATA-AGS-SPA","Azienda Ghedi Servizi S.p.a. (o In Forma Abbreviata A.g.s. S.p.a.)","VIA MARCONI\, 1/A\, 25016\, Ghedi\, Brescia","Ghedi",25016,"Brescia","Lombardia","Italia",45.40274,10.27734,1
"https://www.informazione-aziende.it/Azienda_CASSANO-MAGNAGO-SERVIZI-SPA","Cassano Magnago Servizi S.p.a.","VIA BONICALZA\, 138/C\, 21012\, Cassano Magnago\, Varese","Cassano Magnago",21012,"Varese","Lombardia","Italia",45.66251,8.84168,1
"https://www.informazione-aziende.it/Azienda_SOMMA-PATRIMONIO-E-SERVIZI-SRL","Somma Patrimonio E Servizi S.r.l.","VIA MEDAGLIE D'ORO\, 33\, 21019\, Somma Lombardo\, Varese","Somma Lombardo",21019,"Varese","Lombardia","Italia",45.68344,8.71678,1
"https://www.informazione-aziende.it/Azienda_AZIENDA-FARMACEUTICA-MUNICIPALIZZATA-DI-CREMA","Azienda Farmaceutica Municipalizzata Di Crema","PIAZZA DUOMO\, 25\, 26013\, Crema\, Cremona","Crema",26013,"Cremona","Lombardia","Italia",45.36337,9.68658,1
"https://www.informazione-aziende.it/Azienda_AZIENDA-COMUNALE-FARMACIE-ACF","Azienda Comunale Farmacie (acf)","VIA CESARE BATTISTI\, 2\, 20097\, San Donato Milanese\, Milano","San Donato Milanese",20097,"Milano","Lombardia","Italia",45.41835,9.26295,1
"https://www.informazione-aziende.it/Azienda_FARMACIA-SAGATA-SRL","Farmacia S.agata S.r.l.","VIA GUFFANTI\, 2/B\, 22070\, Bulgarograsso\, Como","Bulgarograsso",22070,"Como","Lombardia","Italia",45.74976,9.00767,1
"https://www.informazione-aziende.it/Azienda_AZIENDA-FARMACIE-COMUNALI-LODI-SRL","Azienda Farmacie Comunali Lodi S.r.l.","VIA SAN BASSIANO\, 39\, 26900\, Lodi\, Lodi","Lodi",26900,"Lodi","Lombardia","Italia",45.31165,9.49323,1
"https://www.informazione-aziende.it/Azienda_ASF-SAN-GIULIANO-MILANESE-AZIENDA-SPECIALE-SERVIZI-FARMACEUTICI-E-SOCIO-SANITARI","Asf San Giuliano Milanese - Azienda Speciale Servizi Farmaceutici E Socio-sanitari","VIA S. REMO\, 3\, 20098\, San Giuliano Milanese\, Milano","San Giuliano Milanese",20098,"Milano","Lombardia","Italia",45.39515,9.28392,1
"https://www.informazione-aziende.it/Azienda_AZIENDA-SERVIZI-FARMACEUTICI-SRL-ASF-SRL","Azienda Servizi Farmaceutici S.r.l. - A.s.f. S.r.l.","VIA MATTEOTTI\, 79\, 25063\, Gardone Val Trompia\, Brescia","Gardone Val Trompia",25063,"Brescia","Lombardia","Italia",45.69727,10.18678,1
"https://www.informazione-aziende.it/Azienda_YGEA-SRL","Ygea S.r.l.","VIALE ORIANO\, 20\, 24047\, Treviglio\, Bergamo","Treviglio",24047,"Bergamo","Lombardia","Italia",45.5192,9.59246,1
"https://www.informazione-aziende.it/Azienda_ASSP-SPA","Assp Spa","VIA GARIBALDI\, 20\, 20811\, Cesano Maderno\, Monza E Brianza","Cesano Maderno",20811,"Monza E Brianza","Lombardia","Italia",45.62825,9.14915,1
"https://www.informazione-aziende.it/Azienda_CANTURINA-SERVIZI-TERRITORIALI-SPA","Canturina Servizi Territoriali  - S.p.a.","VIA VITTORIO VENETO\, 10\, 22063\, Cantu'\, Como","Cantu'",22063,"Como","Lombardia","Italia",45.75135,9.12992,1
"https://www.informazione-aziende.it/Azienda_FARMACIE-COMUNALI-SESTO-SRL","Farmacie Comunali Sesto S.r.l.","VIA GIOSUE' CARDUCCI\, 0221\, 20099\, Sesto San Giovanni\, Milano","Sesto San Giovanni",20099,"Milano","Lombardia","Italia",45.53131,9.22174,1
"https://www.informazione-aziende.it/Azienda_BRAVI-FARMACIE-SRL","Bravi Farmacie Srl","VIA SAN ZENO\, 95\, 25124\, Brescia\, Brescia","Brescia",25124,"Brescia","Lombardia","Italia",45.52343,10.21913,1
"https://www.informazione-aziende.it/Azienda_FARMACOM-SPA-FARMACIE-COMUNALI-MONZA-SPA","Farma.co.m. S.p.a. Farmacie Comunali Monza S.p.a.","VIA BRAILLE\, 3\, 20900\, Monza\, Monza E Brianza","Monza",20900,"Monza E Brianza","Lombardia","Italia",45.60174,9.26324,1
"https://www.informazione-aziende.it/Azienda_AMBIENTE-ENERGIA-BRIANZA-SOCIETA-PER-AZIONI-IN-ACRONIMO-A-E-B-SPA","Ambiente Energia Brianza Societa' Per Azioni In Acronimo \"a E B  S.p.a.\"","VIA PALESTRO\, 33\, 20831\, Seregno\, Monza E Brianza","Seregno",20831,"Monza E Brianza","Lombardia","Italia",45.64582,9.20556,1
"https://www.informazione-aziende.it/Azienda_AZIENDA-MULTISERVIZI-FARMACIE-SPA","Azienda Multiservizi Farmacie S.p.a.","VIA VERGA\, 113\, 20092\, Cinisello Balsamo\, Milano","Cinisello Balsamo",20092,"Milano","Lombardia","Italia",45.55236,9.20102,1
"https://www.informazione-aziende.it/Azienda_GAIA-SERVIZI-SRL-A3757","Gaia Servizi S.r.l.","PIAZZA ALDO MORO\, 1\, 20021\, Bollate\, Milano","Bollate",20021,"Milano","Lombardia","Italia",45.54352,9.11741,1
"https://www.informazione-aziende.it/Azienda_SOCIETA-COOPERATIVA-FARMACEUTICA-IN-SIGLA-COFA-FARMACEUTICI","Societa' Cooperativa Farmaceutica In Sigla \"co.fa. Farmaceutici\"","VIA PASSIONE\, 0008\, 20122\, Milano\, Milano","Milano",20122,"Milano","Lombardia","Italia",45.46501,9.20181,1
"https://www.informazione-aziende.it/Azienda_AZIENDA-FARMACEUTICA-MUNICIPALE-DI-CREMONA-SPA-O-IN-FORMA-ABBREVIATA-AFM-CREMONA-SPA","Azienda Farmaceutica Municipale Di Cremona S.p.a. O In Forma Abbreviata\, \"a.f.m. Cremona S.p.a.\"","VIA GEROMINI\, 5\, 26100\, Cremona\, Cremona","Cremona",26100,"Cremona","Lombardia","Italia",45.13906,10.02225,1
"https://www.informazione-aziende.it/Azienda_TESSITURA-MOLTENI-PALMIRA-SRL","Tessitura Molteni Palmira S.r.l.","VIA ROMA\, 2/6\, 22045\, Lambrugo\, Como","Lambrugo",22045,"Como","Lombardia","Italia",45.75788,9.24345,1
"https://www.informazione-aziende.it/Azienda_SOVRATEX-SRL","Sovratex S.r.l.","VIA FRATELLI CAIROLI\, 20\, 22073\, Fino Mornasco\, Como","Fino Mornasco",22073,"Como","Lombardia","Italia",45.73025,9.05793,1
"https://www.informazione-aziende.it/Azienda_NORD-CINIGLIA-SRL","Nord Ciniglia S.r.l.","VIA AGRO CASTELLO\, 38\, 24020\, Casnigo\, Bergamo","Casnigo",24020,"Bergamo","Lombardia","Italia",45.80564,9.86021,1
"https://www.informazione-aziende.it/Azienda_GBC-SRL-4A569","G.b.c. S.r.l.","VIA GIUSEPPE MAZZINI\, 20\, 24026\, Cazzano Sant'andrea\, Bergamo","Cazzano Sant'andrea",24026,"Bergamo","Lombardia","Italia",45.80618,9.88558,1
"https://www.informazione-aziende.it/Azienda_EUROSTICK-SPA","Eurostick S.p.a.","VIALE VIENNA\, 10\, 24049\, Verdellino\, Bergamo","Verdellino",24049,"Bergamo","Lombardia","Italia",45.59202,9.61773,1
"https://www.informazione-aziende.it/Azienda_PIZVAL-SRL","Pizval S.r.l.","VIA GOFFREDO MAMELI\, 107\, 21019\, Somma Lombardo\, Varese","Somma Lombardo",21019,"Varese","Lombardia","Italia",45.68664,8.71135,1
"https://www.informazione-aziende.it/Azienda_IMATEX-SPA","Imatex S.p.a.","VIA LUIGI CADORNA\, 33\, 23895\, Nibionno\, Lecco","Nibionno",23895,"Lecco","Lombardia","Italia",45.74512,9.26856,1
"https://www.informazione-aziende.it/Azienda_TORCITURA-DI-DOMASO-SRL","Torcitura Di Domaso S.r.l.","VIA LUIGI SACCO\, 14\, 21100\, Varese\, Varese","Varese",21100,"Varese","Lombardia","Italia",45.81913,8.82295,1
"https://www.informazione-aziende.it/Azienda_STIL-SRL-937C9","Stil S.r.l.","VIA REPUBBLICA\, 4\, 22075\, Lurate Caccivio\, Como","Lurate Caccivio",22075,"Como","Lombardia","Italia",45.76328,9.00841,1
"https://www.informazione-aziende.it/Azienda_TESSITURA-RANDI-SRL","Tessitura Randi S.r.l.","VIA MAGENTA\, 79\, 21052\, Busto Arsizio\, Varese","Busto Arsizio",21052,"Varese","Lombardia","Italia",45.59679,8.84696,1
"https://www.informazione-aziende.it/Azienda_TIBA-SOCIETA-A-RESPONSABILITA-LIMITATA","T.i.b.a. - Societa' A Responsabilita' Limitata","CORSO XXV APRILE\, 167/B\, 22036\, Erba\, Como","Erba",22036,"Como","Lombardia","Italia",45.81055,9.23142,1
"https://www.informazione-aziende.it/Azienda_MANIFATTURA-DI-CENE-SPA","Manifattura Di Cene S.p.a.","VIA ULISSE BELLORA\, 81\, 24020\, Cene\, Bergamo","Cene",24020,"Bergamo","Lombardia","Italia",45.78862,9.83067,1
"https://www.informazione-aziende.it/Azienda_VIGANO-SPA","Vigano' - S.p.a.","VIA VOLTA\, 2\, 23895\, Nibionno\, Lecco","Nibionno",23895,"Lecco","Lombardia","Italia",45.74866,9.27233,1
"https://www.informazione-aziende.it/Azienda_SOCIETA-SERICA-TRUDEL-SPA","Societa' Serica Trudel S.p.a.","VIA ATTILIO LENTICCHIA\, 25\, 22100\, Como\, Como","Como",22100,"Como","Lombardia","Italia",45.78584,9.0776,1
"https://www.informazione-aziende.it/Azienda_TESSITURA-TAIANA-VIRGILIO-SPA-O-IN-ABBREVIATO-TAIANA-SPA","Tessitura Taiana Virgilio - S.p.a. O In Abbreviato Taiana S.p.a.","VIA CARDUCCI\, 20\, 22077\, Olgiate Comasco\, Como","Olgiate Comasco",22077,"Como","Lombardia","Italia",45.78183,8.97696,1
"https://www.informazione-aziende.it/Azienda_SUCCESSORI-GIUSEPPE-CATTANEO-SOCIETA-PER-AZIONI","Successori Giuseppe Cattaneo Societa' Per Azioni","VIA GALILEO GALILEI\, 13\, 22032\, Albese Con Cassano\, Como","Albese Con Cassano",22032,"Como","Lombardia","Italia",45.79543,9.17511,1
"https://www.informazione-aziende.it/Azienda_DE-AMTEX-SPA","\"de Amtex S.p.a.\"","VIA PER CADREZZATE\, 5\, 21020\, Brebbia\, Varese","Brebbia",21020,"Varese","Lombardia","Italia",45.82235,8.64763,1
"https://www.informazione-aziende.it/Azienda_SETERIE-ARGENTI-SPA","Seterie Argenti - S.p.a.","VIA RISORGIMENTO\, 23\, 22038\, Tavernerio\, Como","Tavernerio",22038,"Como","Lombardia","Italia",45.79839,9.15128,1
"https://www.informazione-aziende.it/Azienda_CIFRA-SPA","Cifra S.p.a.","VIA SABBIONETTE\, 7\, 20843\, Verano Brianza\, Monza E Brianza","Verano Brianza",20843,"Monza E Brianza","Lombardia","Italia",45.67885,9.21468,1
"https://www.informazione-aziende.it/Azienda_EUROTESSILE-SPA","Eurotessile - S.p.a.","VIALE RIMEMBRANZE\, 120\, 24059\, Urgnano\, Bergamo","Urgnano",24059,"Bergamo","Lombardia","Italia",45.59879,9.69585,1
"https://www.informazione-aziende.it/Azienda_EUSEBIO-SPA","\"eusebio S.p.a.\"","VIA RISAIA\, 24\, 21020\, Mornago\, Varese","Mornago",21020,"Varese","Lombardia","Italia",45.72474,8.7465,1
"https://www.informazione-aziende.it/Azienda_ISER-SRL-INDUSTRIA-SERICA-ENRICO-RATTI","I.s.e.r. S.r.l. - Industria Serica Enrico Ratti","VIA NAZARIO SAURO\, 32\, 23849\, Rogeno\, Lecco","Rogeno",23849,"Lecco","Lombardia","Italia",45.77985,9.26908,1
"https://www.informazione-aziende.it/Azienda_GITESSIL-FODERAMI-SRL","Gi.tessil Foderami S.r.l.","VIA RISORGIMENTO\, 8/10\, 21020\, Crosio Della Valle\, Varese","Crosio Della Valle",21020,"Varese","Lombardia","Italia",45.76292,8.767,1
"https://www.informazione-aziende.it/Azienda_TFT-TINTORIA-FINISSAGGIO-TULLI-SPA","T.f.t. - Tintoria Finissaggio Tulli S.p.a.","VIA MOLINO DELLE ARMI\, 11\, 20123\, Milano\, Milano","Milano",20123,"Milano","Lombardia","Italia",45.45619,9.18585,1
"https://www.informazione-aziende.it/Azienda_IAFIL-INDUSTRIA-AMBROSIANA-FILATI-SOCIETA-PER-AZIONI","Iafil - Industria Ambrosiana Filati - Societa' Per Azioni","VIA DEI CICLAMINI\, 0003\, 20147\, Milano\, Milano","Milano",20147,"Milano","Lombardia","Italia",45.45579,9.12795,1
"https://www.informazione-aziende.it/Azienda_TESSITURA-ATTILIO-BOTTINELLI-SRL","Tessitura Attilio Bottinelli S.r.l.","VIA VOLTA\, 9\, 22079\, Villa Guardia\, Como","Villa Guardia",22079,"Como","Lombardia","Italia",45.77188,9.02242,1
"https://www.informazione-aziende.it/Azienda_TESSITURA-ANTONIO-GHIRINGHELLI-C-SPA","\"tessitura Antonio Ghiringhelli & C. S.p.a.\"","VIA GIUSEPPE GARIBALDI\, 52\, 21022\, Azzate\, Varese","Azzate",21022,"Varese","Lombardia","Italia",45.77187,8.80561,1
"https://www.informazione-aziende.it/Azienda_FARMACIA-CLEMENTINA-SRL","Farmacia Clementina S.r.l.","VIA BORGO PALAZZO\, 141\, 24125\, Bergamo\, Bergamo","Bergamo",24125,"Bergamo","Lombardia","Italia",45.69204,9.69538,1
"https://www.informazione-aziende.it/Azienda_NUOVA-FARMACIA-GRUMELLINA-SRL","Nuova Farmacia Grumellina S.r.l.","VIA GABRIELE TADINO\, 4/D\, 24127\, Bergamo\, Bergamo","Bergamo",24127,"Bergamo","Lombardia","Italia",45.67162,9.64233,1
"https://www.informazione-aziende.it/Azienda_AURORA-SRL-35419","Aurora S.r.l.","VIA AURORA\, 29\, 20037\, Paderno Dugnano\, Milano","Paderno Dugnano",20037,"Milano","Lombardia","Italia",45.57278,9.16692,1
"https://www.informazione-aziende.it/Azienda_FARMACIA-DEL-REDENTORE-SRL","Farmacia Del Redentore Srl","VIA TOLMINO\, 38\, 21052\, Busto Arsizio\, Varese","Busto Arsizio",21052,"Varese","Lombardia","Italia",45.61741,8.83359,1
"https://www.informazione-aziende.it/Azienda_FARMACIA-DI-ABBIATEGRASSO-SRL","Farmacia Di Abbiategrasso S.r.l.","VIA DANTE ALIGHIERI\, 63\, 20081\, Abbiategrasso\, Milano","Abbiategrasso",20081,"Milano","Lombardia","Italia",45.3872,8.92024,1
"https://www.informazione-aziende.it/Azienda_MAIRLE-SRL","Mairle S.r.l.","VIA VARESE\, 156\, 20024\, Garbagnate Milanese\, Milano","Garbagnate Milanese",20024,"Milano","Lombardia","Italia",45.57547,9.0717,1
"https://www.informazione-aziende.it/Azienda_NODO-BANDIERA-SRL","Nodo Bandiera S.r.l.","VIA MONTELLO\, 10\, 21047\, Saronno\, Varese","Saronno",21047,"Varese","Lombardia","Italia",45.63241,9.02753,1
"https://www.informazione-aziende.it/Azienda_FARMACIA-ELVEZIA-SRL","Farmacia Elvezia S.r.l.","VIA MARTIRI DELLE FOIBE\, 15/A\, 20900\, Monza\, Monza E Brianza","Monza",20900,"Monza E Brianza","Lombardia","Italia",45.59556,9.25035,1
"https://www.informazione-aziende.it/Azienda_FARMACIA-SANTALESSANDRO-SRL","Farmacia Sant'alessandro S.r.l.","VIA NULLO\, 13\, 24050\, Grassobbio\, Bergamo","Grassobbio",24050,"Bergamo","Lombardia","Italia",45.65867,9.71867,1
"https://www.informazione-aziende.it/Azienda_MF-HEALTH-SRL","M&f Health S.r.l.","VIA JERAGO\, SNC\, 21010\, Besnate\, Varese","Besnate",21010,"Varese","Lombardia","Italia",45.70461,8.77483,1
"https://www.informazione-aziende.it/Azienda_FARMACIA-DI-SAIRANO-DELLE-DOTTSSE-GAGGERI-CATERINA-E-SAVIOLI-MICOL-SERENA-SNC","Farmacia Di Sairano Delle Dott.sse Gaggeri Caterina E Savioli Micol Serena S.n.c.","VIA CADUTI PER LA PATRIA\, 139\, 27030\, Zinasco\, Pavia","Zinasco",27030,"Pavia","Lombardia","Italia",45.15872,9.37664,1
"https://www.informazione-aziende.it/Azienda_FARMACIA-MORONI-DELLA-DOTTSSA-ANTONELLA-PASETTI-E-C-SAS","Farmacia Moroni Della Dott.ssa Antonella Pasetti E C. S.a.s.","PIAZZA DUOMO\, 35\, 27058\, Voghera\, Pavia","Voghera",27058,"Pavia","Lombardia","Italia",44.99219,9.0092,1
"https://www.informazione-aziende.it/Azienda_FARMACIA-TARDITI-SNC-DI-TARDITI-CRISTINA","Farmacia Tarditi Snc Di Tarditi Cristina","VIA ROMA\, 69\, 27050\, Ponte Nizza\, Pavia","Ponte Nizza",27050,"Pavia","Lombardia","Italia",44.85013,9.09837,1
"https://www.informazione-aziende.it/Azienda_FARMACIA-DI-CASTELLO-DAGOGNA-SNC-DI-PASTORMERLO-ANNA-E-FELICIONI-GIUSEPPE","Farmacia Di Castello D'agogna S.n.c. Di Pastormerlo Anna E Felicioni Giuseppe","VIA MILANO\, 47\, 27030\, Castello D'agogna\, Pavia","Castello D'agogna",27030,"Pavia","Lombardia","Italia",45.23497,8.69118,1
"https://www.informazione-aziende.it/Azienda_FARMACIA-SEMINO-DRI-FABIO-SEMINO-E-CRISTINA-ZECCA-SAS","Farmacia Semino - Dr.i Fabio Semino E Cristina Zecca Sas","VIA VALERIANA\, 79\, 23019\, Traona\, Sondrio","Traona",23019,"Sondrio","Lombardia","Italia",46.1483,9.52374,1
"https://www.informazione-aziende.it/Azienda_FARMACIA-SAN-GAETANO-SRL","Farmacia San Gaetano S.r.l.","VIA AGOSTINO RIBOLDI\, 239/A\, 20037\, Paderno Dugnano\, Milano","Paderno Dugnano",20037,"Milano","Lombardia","Italia",45.57052,9.18245,1
"https://www.informazione-aziende.it/Azienda_FARMACIA-FLLI-OTTOBONI-SRL","Farmacia F.lli Ottoboni S.r.l.","VIA DANTE ALIGHIERI\, 14\, 26100\, Cremona\, Cremona","Cremona",26100,"Cremona","Lombardia","Italia",45.46663,9.51097,1
"https://www.informazione-aziende.it/Azienda_FARMACIA-BRIANTEA-SRL","Farmacia Briantea S.r.l.","VIA TEVERE\, 2\, 22079\, Villa Guardia\, Como","Villa Guardia",22079,"Como","Lombardia","Italia",45.77565,9.02852,1
"https://www.informazione-aziende.it/Azienda_FARMACIA-DELLE-GRIGNE-SRL","Farmacia Delle Grigne S.r.l.","VIA SAN GIOVANNI BOSCO\, 9\, 23826\, Mandello Del Lario\, Lecco","Mandello Del Lario",23826,"Lecco","Lombardia","Italia",45.92149,9.31855,1
"https://www.informazione-aziende.it/Azienda_FARMACIA-SAN-LORENZO-SRL","Farmacia San Lorenzo S.r.l.","VIA UNIONE\, 2/A\, 24060\, Castelli Calepio\, Bergamo","Castelli Calepio",24060,"Bergamo","Lombardia","Italia",45.65608,9.92332,1
